County,Precinct,Office,District,Party,,Poll,Abs,EDR
Fairfield,Bridgeport 124-1 Beardsley,Governor,,REP,Thomas C. Foley,51,0,0
Fairfield,Bridgeport 124-1 Beardsley,Governor,,IND,Thomas C. Foley,2,0,0
Fairfield,Bridgeport 124-1 Beardsley,Governor,,UNK,Thomas C. Foley,0,0,0
Fairfield,Bridgeport 124-1 Beardsley,Governor,,DEM,Dannel P. Malloy,148,9,1
Fairfield,Bridgeport 124-1 Beardsley,Governor,,WF,Dannel P. Malloy,11,0,0
Fairfield,Bridgeport 124-1 Beardsley,Governor,,UNK,Dannel P. Malloy,0,0,0
Fairfield,Bridgeport 124-1 Beardsley,Governor,,PC,Joe Visconti,2,0,0
Fairfield,Bridgeport 124-1 Beardsley,U.S. House,4,REP,Dan Debicella,39,0,0
Fairfield,Bridgeport 124-1 Beardsley,U.S. House,4,IND,Dan Debicella,3,0,0
Fairfield,Bridgeport 124-1 Beardsley,U.S. House,4,UNK,Dan Debicella,0,0,0
Fairfield,Bridgeport 124-1 Beardsley,U.S. House,4,DEM,Jim Himes,149,0,1
Fairfield,Bridgeport 124-1 Beardsley,U.S. House,4,WF,Jim Himes,12,0,0
Fairfield,Bridgeport 124-1 Beardsley,U.S. House,4,UNK,Jim Himes,9,0,0
Fairfield,Bridgeport 124-1 Beardsley,State Senate,23,DEM,Andres Ayala,155,0,1
Fairfield,Bridgeport 124-1 Beardsley,State Senate,23,WF,Andres Ayala,10,0,0
Fairfield,Bridgeport 124-1 Beardsley,State Senate,23,IND,Andres Ayala,10,0,1
Fairfield,Bridgeport 124-1 Beardsley,State Assembly,124,DEM,Andre Baker,155,0,1
Fairfield,Bridgeport 124-1 Beardsley,Secretary of State,,REP,Peter Lumaj,47,0,0
Fairfield,Bridgeport 124-1 Beardsley,Secretary of State,,IND,Peter Lumaj,1,0,0
Fairfield,Bridgeport 124-1 Beardsley,Secretary of State,,UNK,Peter Lumaj,0,0,0
Fairfield,Bridgeport 124-1 Beardsley,Secretary of State,,DEM,Denise Merrill,130,0,1
Fairfield,Bridgeport 124-1 Beardsley,Secretary of State,,WF,Denise Merrill,9,0,0
Fairfield,Bridgeport 124-1 Beardsley,Secretary of State,,UNK,Denise Merrill,4,0,0
Fairfield,Bridgeport 124-1 Beardsley,Secretary of State,,Green,Michael DeRosa,3,0,0
Fairfield,Bridgeport 124-1 Beardsley,State Treasurer,,REP,Tim Herbst,45,0,0
Fairfield,Bridgeport 124-1 Beardsley,State Treasurer,,IND,Tim Herbst,3,0,0
Fairfield,Bridgeport 124-1 Beardsley,State Treasurer,,UNK,Tim Herbst,0,0,0
Fairfield,Bridgeport 124-1 Beardsley,State Treasurer,,DEM,Denise Nappier,132,0,1
Fairfield,Bridgeport 124-1 Beardsley,State Treasurer,,WF,Denise Nappier,11,0,0
Fairfield,Bridgeport 124-1 Beardsley,State Treasurer,,UNK,Denise Nappier,5,0,0
Fairfield,Bridgeport 124-1 Beardsley,Comptroller,,REP,Sharon McLaughlin,43,0,0
Fairfield,Bridgeport 124-1 Beardsley,Comptroller,,IND,Sharon McLaughlin,1,0,0
Fairfield,Bridgeport 124-1 Beardsley,Comptroller,,UNK,Sharon McLaughlin,0,0,0
Fairfield,Bridgeport 124-1 Beardsley,Comptroller,,DEM,Kevin Lembo,133,0,1
Fairfield,Bridgeport 124-1 Beardsley,Comptroller,,WF,Kevin Lembo,10,0,0
Fairfield,Bridgeport 124-1 Beardsley,Comptroller,,IND,Kevin Lembo,5,0,0
Fairfield,Bridgeport 124-1 Beardsley,Comptroller,,Green,Rolf Maurer,2,0,0
Fairfield,Bridgeport 124-1 Beardsley,Attorney General,,REP,Kie Westby,38,0,0
Fairfield,Bridgeport 124-1 Beardsley,Attorney General,,IND,Kie Westby,0,0,0
Fairfield,Bridgeport 124-1 Beardsley,Attorney General,,UNK,Kie Westby,0,0,0
Fairfield,Bridgeport 124-1 Beardsley,Attorney General,,DEM,George Jepsen,140,0,1
Fairfield,Bridgeport 124-1 Beardsley,Attorney General,,WF,George Jepsen,10,0,0
Fairfield,Bridgeport 124-1 Beardsley,Attorney General,,UNK,George Jepsen,4,0,0
Fairfield,Bridgeport 124-1 Beardsley,Attorney General,,Green,Stephen Fournier,1,0,0
Fairfield,Bridgeport 124-2 JFK,Governor,,REP,Thomas C. Foley,154,34,1
Fairfield,Bridgeport 124-2 JFK,Governor,,IND,Thomas C. Foley,6,4,0
Fairfield,Bridgeport 124-2 JFK,Governor,,UNK,Thomas C. Foley,3,0,0
Fairfield,Bridgeport 124-2 JFK,Governor,,DEM,Dannel P. Malloy,804,99,14
Fairfield,Bridgeport 124-2 JFK,Governor,,WF,Dannel P. Malloy,41,1,0
Fairfield,Bridgeport 124-2 JFK,Governor,,UNK,Dannel P. Malloy,75,0,3
Fairfield,Bridgeport 124-2 JFK,Governor,,PC,Joe Visconti,3,2,0
Fairfield,Bridgeport 124-2 JFK,Governor,,write-in,Donald Gaita,1,0,0
Fairfield,Bridgeport 124-2 JFK,U.S. House,4,REP,Dan Debicella,116,18,0
Fairfield,Bridgeport 124-2 JFK,U.S. House,4,IND,Dan Debicella,8,1,0
Fairfield,Bridgeport 124-2 JFK,U.S. House,4,UNK,Dan Debicella,1,0,0
Fairfield,Bridgeport 124-2 JFK,U.S. House,4,DEM,Jim Himes,814,100,12
Fairfield,Bridgeport 124-2 JFK,U.S. House,4,WF,Jim Himes,48,0,1
Fairfield,Bridgeport 124-2 JFK,U.S. House,4,UNK,Jim Himes,47,4,1
Fairfield,Bridgeport 124-2 JFK,State Senate,23,DEM,Andres Ayala,801,100,11
Fairfield,Bridgeport 124-2 JFK,State Senate,23,WF,Andres Ayala,67,4,0
Fairfield,Bridgeport 124-2 JFK,State Senate,23,UNK,Andres Ayala,55,2,2
Fairfield,Bridgeport 124-2 JFK,State Assembly,124,DEM,Andre Baker,869,103,14
Fairfield,Bridgeport 124-2 JFK,Secretary of State,,REP,Peter Lumaj,133,19,0
Fairfield,Bridgeport 124-2 JFK,Secretary of State,,IND,Peter Lumaj,9,3,0
Fairfield,Bridgeport 124-2 JFK,Secretary of State,,UNK,Peter Lumaj,0,0,0
Fairfield,Bridgeport 124-2 JFK,Secretary of State,,DEM,Denise Merrill,760,90,12
Fairfield,Bridgeport 124-2 JFK,Secretary of State,,WF,Denise Merrill,46,4,0
Fairfield,Bridgeport 124-2 JFK,Secretary of State,,UNK,Denise Merrill,27,0,1
Fairfield,Bridgeport 124-2 JFK,Secretary of State,,Green,Michael DeRosa,12,2,0
Fairfield,Bridgeport 124-2 JFK,State Treasurer,,REP,Tim Herbst,121,20,0
Fairfield,Bridgeport 124-2 JFK,State Treasurer,,IND,Tim Herbst,12,0,0
Fairfield,Bridgeport 124-2 JFK,State Treasurer,,UNK,Tim Herbst,1,0,0
Fairfield,Bridgeport 124-2 JFK,State Treasurer,,DEM,Denise Nappier,771,97,12
Fairfield,Bridgeport 124-2 JFK,State Treasurer,,WF,Denise Nappier,47,2,0
Fairfield,Bridgeport 124-2 JFK,State Treasurer,,UNK,Denise Nappier,39,2,1
Fairfield,Bridgeport 124-2 JFK,Comptroller,,REP,Sharon McLaughlin,117,16,0
Fairfield,Bridgeport 124-2 JFK,Comptroller,,IND,Sharon McLaughlin,10,0,1
Fairfield,Bridgeport 124-2 JFK,Comptroller,,UNK,Sharon McLaughlin,0,0,0
Fairfield,Bridgeport 124-2 JFK,Comptroller,,DEM,Kevin Lembo,755,95,12
Fairfield,Bridgeport 124-2 JFK,Comptroller,,WF,Kevin Lembo,50,0,0
Fairfield,Bridgeport 124-2 JFK,Comptroller,,IND,Kevin Lembo,23,0,1
Fairfield,Bridgeport 124-2 JFK,Comptroller,,Green,Rolf Maurer,9,3,0
Fairfield,Bridgeport 124-2 JFK,Attorney General,,REP,Kie Westby,114,16,0
Fairfield,Bridgeport 124-2 JFK,Attorney General,,IND,Kie Westby,8,0,0
Fairfield,Bridgeport 124-2 JFK,Attorney General,,UNK,Kie Westby,0,0,0
Fairfield,Bridgeport 124-2 JFK,Attorney General,,DEM,George Jepsen,765,93,12
Fairfield,Bridgeport 124-2 JFK,Attorney General,,WF,George Jepsen,44,1,0
Fairfield,Bridgeport 124-2 JFK,Attorney General,,UNK,George Jepsen,27,0,1
Fairfield,Bridgeport 124-2 JFK,Attorney General,,Green,Stephen Fournier,10,2,0
Fairfield,Bridgeport 124-3 Dunbar,Governor,,REP,Thomas C. Foley,59,4,1
Fairfield,Bridgeport 124-3 Dunbar,Governor,,IND,Thomas C. Foley,8,0,0
Fairfield,Bridgeport 124-3 Dunbar,Governor,,UNK,Thomas C. Foley,2,0,0
Fairfield,Bridgeport 124-3 Dunbar,Governor,,DEM,Dannel P. Malloy,765,34,7
Fairfield,Bridgeport 124-3 Dunbar,Governor,,WF,Dannel P. Malloy,83,1,0
Fairfield,Bridgeport 124-3 Dunbar,Governor,,UNK,Dannel P. Malloy,78,5,1
Fairfield,Bridgeport 124-3 Dunbar,Governor,,PC,Joe Visconti,1,0,0
Fairfield,Bridgeport 124-3 Dunbar,U.S. House,4,REP,Dan Debicella,32,0,1
Fairfield,Bridgeport 124-3 Dunbar,U.S. House,4,IND,Dan Debicella,2,0,0
Fairfield,Bridgeport 124-3 Dunbar,U.S. House,4,UNK,Dan Debicella,1,0,0
Fairfield,Bridgeport 124-3 Dunbar,U.S. House,4,DEM,Jim Himes,776,37,7
Fairfield,Bridgeport 124-3 Dunbar,U.S. House,4,WF,Jim Himes,94,0,0
Fairfield,Bridgeport 124-3 Dunbar,U.S. House,4,UNK,Jim Himes,51,5,0
Fairfield,Bridgeport 124-3 Dunbar,State Senate,23,DEM,Andres Ayala,754,36,8
Fairfield,Bridgeport 124-3 Dunbar,State Senate,23,WF,Andres Ayala,91,0,0
Fairfield,Bridgeport 124-3 Dunbar,State Senate,23,UNK,Andres Ayala,38,3,0
Fairfield,Bridgeport 124-3 Dunbar,State Assembly,124,DEM,Andre Baker,844,36,7
Fairfield,Bridgeport 124-3 Dunbar,Secretary of State,,REP,Peter Lumaj,37,0,0
Fairfield,Bridgeport 124-3 Dunbar,Secretary of State,,IND,Peter Lumaj,3,0,0
Fairfield,Bridgeport 124-3 Dunbar,Secretary of State,,UNK,Peter Lumaj,0,0,0
Fairfield,Bridgeport 124-3 Dunbar,Secretary of State,,DEM,Denise Merrill,742,37,8
Fairfield,Bridgeport 124-3 Dunbar,Secretary of State,,WF,Denise Merrill,81,0,0
Fairfield,Bridgeport 124-3 Dunbar,Secretary of State,,UNK,Denise Merrill,35,3,0
Fairfield,Bridgeport 124-3 Dunbar,Secretary of State,,Green,Michael DeRosa,4,0,0
Fairfield,Bridgeport 124-3 Dunbar,State Treasurer,,REP,Tim Herbst,37,0,0
Fairfield,Bridgeport 124-3 Dunbar,State Treasurer,,IND,Tim Herbst,8,0,0
Fairfield,Bridgeport 124-3 Dunbar,State Treasurer,,UNK,Tim Herbst,0,0,0
Fairfield,Bridgeport 124-3 Dunbar,State Treasurer,,DEM,Denise Nappier,758,39,8
Fairfield,Bridgeport 124-3 Dunbar,State Treasurer,,WF,Denise Nappier,86,0,0
Fairfield,Bridgeport 124-3 Dunbar,State Treasurer,,UNK,Denise Nappier,36,3,0
Fairfield,Bridgeport 124-3 Dunbar,Comptroller,,REP,Sharon McLaughlin,41,0,1
Fairfield,Bridgeport 124-3 Dunbar,Comptroller,,IND,Sharon McLaughlin,7,0,0
Fairfield,Bridgeport 124-3 Dunbar,Comptroller,,UNK,Sharon McLaughlin,1,0,0
Fairfield,Bridgeport 124-3 Dunbar,Comptroller,,DEM,Kevin Lembo,719,37,6
Fairfield,Bridgeport 124-3 Dunbar,Comptroller,,WF,Kevin Lembo,89,0,0
Fairfield,Bridgeport 124-3 Dunbar,Comptroller,,IND,Kevin Lembo,31,3,0
Fairfield,Bridgeport 124-3 Dunbar,Comptroller,,Green,Rolf Maurer,2,0,0
Fairfield,Bridgeport 124-3 Dunbar,Attorney General,,REP,Kie Westby,32,0,1
Fairfield,Bridgeport 124-3 Dunbar,Attorney General,,IND,Kie Westby,6,0,0
Fairfield,Bridgeport 124-3 Dunbar,Attorney General,,UNK,Kie Westby,0,0,0
Fairfield,Bridgeport 124-3 Dunbar,Attorney General,,DEM,George Jepsen,741,39,7
Fairfield,Bridgeport 124-3 Dunbar,Attorney General,,WF,George Jepsen,84,0,0
Fairfield,Bridgeport 124-3 Dunbar,Attorney General,,UNK,George Jepsen,32,3,0
Fairfield,Bridgeport 124-3 Dunbar,Attorney General,,Green,Stephen Fournier,3,0,0
Fairfield,Bridgeport 124-4 Harding,Governor,,REP,Thomas C. Foley,108,14,0
Fairfield,Bridgeport 124-4 Harding,Governor,,IND,Thomas C. Foley,8,1,0
Fairfield,Bridgeport 124-4 Harding,Governor,,UNK,Thomas C. Foley,4,8,0
Fairfield,Bridgeport 124-4 Harding,Governor,,DEM,Dannel P. Malloy,571,39,12
Fairfield,Bridgeport 124-4 Harding,Governor,,WF,Dannel P. Malloy,58,0,1
Fairfield,Bridgeport 124-4 Harding,Governor,,UNK,Dannel P. Malloy,97,2,2
Fairfield,Bridgeport 124-4 Harding,Governor,,PC,Joe Visconti,2,0,0
Fairfield,Bridgeport 124-4 Harding,U.S. House,4,REP,Dan Debicella,77,7,0
Fairfield,Bridgeport 124-4 Harding,U.S. House,4,IND,Dan Debicella,6,2,0
Fairfield,Bridgeport 124-4 Harding,U.S. House,4,UNK,Dan Debicella,1,0,0
Fairfield,Bridgeport 124-4 Harding,U.S. House,4,DEM,Jim Himes,579,42,12
Fairfield,Bridgeport 124-4 Harding,U.S. House,4,WF,Jim Himes,57,0,1
Fairfield,Bridgeport 124-4 Harding,U.S. House,4,UNK,Jim Himes,63,8,0
Fairfield,Bridgeport 124-4 Harding,State Senate,23,DEM,Andres Ayala,569,43,12
Fairfield,Bridgeport 124-4 Harding,State Senate,23,WF,Andres Ayala,59,1,1
Fairfield,Bridgeport 124-4 Harding,State Senate,23,UNK,Andres Ayala,58,2,0
Fairfield,Bridgeport 124-4 Harding,State Assembly,124,DEM,Andre Baker,651,43,12
Fairfield,Bridgeport 124-4 Harding,Secretary of State,,REP,Peter Lumaj,88,17,0
Fairfield,Bridgeport 124-4 Harding,Secretary of State,,IND,Peter Lumaj,7,1,0
Fairfield,Bridgeport 124-4 Harding,Secretary of State,,UNK,Peter Lumaj,0,0,0
Fairfield,Bridgeport 124-4 Harding,Secretary of State,,DEM,Denise Merrill,554,41,12
Fairfield,Bridgeport 124-4 Harding,Secretary of State,,WF,Denise Merrill,54,0,1
Fairfield,Bridgeport 124-4 Harding,Secretary of State,,UNK,Denise Merrill,46,1,0
Fairfield,Bridgeport 124-4 Harding,Secretary of State,,Green,Michael DeRosa,5,0,0
Fairfield,Bridgeport 124-4 Harding,State Treasurer,,REP,Tim Herbst,90,10,0
Fairfield,Bridgeport 124-4 Harding,State Treasurer,,IND,Tim Herbst,11,1,0
Fairfield,Bridgeport 124-4 Harding,State Treasurer,,UNK,Tim Herbst,1,0,0
Fairfield,Bridgeport 124-4 Harding,State Treasurer,,DEM,Denise Nappier,553,39,12
Fairfield,Bridgeport 124-4 Harding,State Treasurer,,WF,Denise Nappier,54,0,1
Fairfield,Bridgeport 124-4 Harding,State Treasurer,,UNK,Denise Nappier,49,2,0
Fairfield,Bridgeport 124-4 Harding,Comptroller,,REP,Sharon McLaughlin,84,8,0
Fairfield,Bridgeport 124-4 Harding,Comptroller,,IND,Sharon McLaughlin,9,0,0
Fairfield,Bridgeport 124-4 Harding,Comptroller,,UNK,Sharon McLaughlin,0,0,0
Fairfield,Bridgeport 124-4 Harding,Comptroller,,DEM,Kevin Lembo,543,39,12
Fairfield,Bridgeport 124-4 Harding,Comptroller,,WF,Kevin Lembo,55,1,1
Fairfield,Bridgeport 124-4 Harding,Comptroller,,IND,Kevin Lembo,44,1,0
Fairfield,Bridgeport 124-4 Harding,Comptroller,,Green,Rolf Maurer,1,0,0
Fairfield,Bridgeport 124-4 Harding,Attorney General,,REP,Kie Westby,78,7,0
Fairfield,Bridgeport 124-4 Harding,Attorney General,,IND,Kie Westby,6,1,0
Fairfield,Bridgeport 124-4 Harding,Attorney General,,UNK,Kie Westby,0,0,0
Fairfield,Bridgeport 124-4 Harding,Attorney General,,DEM,George Jepsen,547,40,12
Fairfield,Bridgeport 124-4 Harding,Attorney General,,WF,George Jepsen,58,1,1
Fairfield,Bridgeport 124-4 Harding,Attorney General,,UNK,George Jepsen,44,1,0
Fairfield,Bridgeport 124-4 Harding,Attorney General,,Green,Stephen Fournier,4,0,0
Fairfield,Bridgeport 126-1 Beardsley,Governor,,REP,Thomas C. Foley,25,1,0
Fairfield,Bridgeport 126-1 Beardsley,Governor,,IND,Thomas C. Foley,1,0,0
Fairfield,Bridgeport 126-1 Beardsley,Governor,,UNK,Thomas C. Foley,2,0,0
Fairfield,Bridgeport 126-1 Beardsley,Governor,,DEM,Dannel P. Malloy,85,3,1
Fairfield,Bridgeport 126-1 Beardsley,Governor,,WF,Dannel P. Malloy,5,0,0
Fairfield,Bridgeport 126-1 Beardsley,Governor,,UNK,Dannel P. Malloy,11,0,1
Fairfield,Bridgeport 126-1 Beardsley,Governor,,PC,Joe Visconti,1,0,0
Fairfield,Bridgeport 126-1 Beardsley,U.S. House,4,REP,Dan Debicella,20,0,1
Fairfield,Bridgeport 126-1 Beardsley,U.S. House,4,IND,Dan Debicella,0,0,0
Fairfield,Bridgeport 126-1 Beardsley,U.S. House,4,UNK,Dan Debicella,0,0,0
Fairfield,Bridgeport 126-1 Beardsley,U.S. House,4,DEM,Jim Himes,86,3,0
Fairfield,Bridgeport 126-1 Beardsley,U.S. House,4,WF,Jim Himes,7,0,0
Fairfield,Bridgeport 126-1 Beardsley,U.S. House,4,UNK,Jim Himes,8,0,1
Fairfield,Bridgeport 126-1 Beardsley,State Senate,23,DEM,Andres Ayala,81,3,0
Fairfield,Bridgeport 126-1 Beardsley,State Senate,23,WF,Andres Ayala,5,0,0
Fairfield,Bridgeport 126-1 Beardsley,State Senate,23,UNK,Andres Ayala,9,0,1
Fairfield,Bridgeport 126-1 Beardsley,State Assembly,126,DEM,Charlie Stallworth,89,3,1
Fairfield,Bridgeport 126-1 Beardsley,Secretary of State,,REP,Peter Lumaj,21,1,0
Fairfield,Bridgeport 126-1 Beardsley,Secretary of State,,IND,Peter Lumaj,3,0,0
Fairfield,Bridgeport 126-1 Beardsley,Secretary of State,,UNK,Peter Lumaj,1,0,0
Fairfield,Bridgeport 126-1 Beardsley,Secretary of State,,DEM,Denise Merrill,81,3,0
Fairfield,Bridgeport 126-1 Beardsley,Secretary of State,,WF,Denise Merrill,3,0,0
Fairfield,Bridgeport 126-1 Beardsley,Secretary of State,,UNK,Denise Merrill,6,0,1
Fairfield,Bridgeport 126-1 Beardsley,Secretary of State,,Green,Michael DeRosa,3,0,0
Fairfield,Bridgeport 126-1 Beardsley,State Treasurer,,REP,Tim Herbst,22,1,0
Fairfield,Bridgeport 126-1 Beardsley,State Treasurer,,IND,Tim Herbst,0,0,0
Fairfield,Bridgeport 126-1 Beardsley,State Treasurer,,UNK,Tim Herbst,0,0,0
Fairfield,Bridgeport 126-1 Beardsley,State Treasurer,,DEM,Denise Nappier,83,3,0
Fairfield,Bridgeport 126-1 Beardsley,State Treasurer,,WF,Denise Nappier,4,0,0
Fairfield,Bridgeport 126-1 Beardsley,State Treasurer,,UNK,Denise Nappier,7,0,1
Fairfield,Bridgeport 126-1 Beardsley,Comptroller,,REP,Sharon McLaughlin,24,1,0
Fairfield,Bridgeport 126-1 Beardsley,Comptroller,,IND,Sharon McLaughlin,0,0,0
Fairfield,Bridgeport 126-1 Beardsley,Comptroller,,UNK,Sharon McLaughlin,0,0,0
Fairfield,Bridgeport 126-1 Beardsley,Comptroller,,DEM,Kevin Lembo,79,3,0
Fairfield,Bridgeport 126-1 Beardsley,Comptroller,,WF,Kevin Lembo,4,0,0
Fairfield,Bridgeport 126-1 Beardsley,Comptroller,,IND,Kevin Lembo,7,0,1
Fairfield,Bridgeport 126-1 Beardsley,Comptroller,,Green,Rolf Maurer,1,0,0
Fairfield,Bridgeport 126-1 Beardsley,Attorney General,,REP,Kie Westby,19,1,0
Fairfield,Bridgeport 126-1 Beardsley,Attorney General,,IND,Kie Westby,1,0,0
Fairfield,Bridgeport 126-1 Beardsley,Attorney General,,UNK,Kie Westby,0,0,0
Fairfield,Bridgeport 126-1 Beardsley,Attorney General,,DEM,George Jepsen,82,3,0
Fairfield,Bridgeport 126-1 Beardsley,Attorney General,,WF,George Jepsen,3,0,0
Fairfield,Bridgeport 126-1 Beardsley,Attorney General,,UNK,George Jepsen,7,0,1
Fairfield,Bridgeport 126-1 Beardsley,Attorney General,,Green,Stephen Fournier,1,0,0
Fairfield,Bridgeport 126-2 Hallen,Governor,,REP,Thomas C. Foley,103,2,3
Fairfield,Bridgeport 126-2 Hallen,Governor,,IND,Thomas C. Foley,13,1,0
Fairfield,Bridgeport 126-2 Hallen,Governor,,UNK,Thomas C. Foley,7,1,0
Fairfield,Bridgeport 126-2 Hallen,Governor,,DEM,Dannel P. Malloy,735,13,9
Fairfield,Bridgeport 126-2 Hallen,Governor,,WF,Dannel P. Malloy,32,1,1
Fairfield,Bridgeport 126-2 Hallen,Governor,,UNK,Dannel P. Malloy,68,1,1
Fairfield,Bridgeport 126-2 Hallen,Governor,,PC,Joe Visconti,5,0,0
Fairfield,Bridgeport 126-2 Hallen,U.S. House,4,REP,Dan Debicella,93,1,3
Fairfield,Bridgeport 126-2 Hallen,U.S. House,4,IND,Dan Debicella,14,0,0
Fairfield,Bridgeport 126-2 Hallen,U.S. House,4,UNK,Dan Debicella,1,0,0
Fairfield,Bridgeport 126-2 Hallen,U.S. House,4,DEM,Jim Himes,658,14,9
Fairfield,Bridgeport 126-2 Hallen,U.S. House,4,WF,Jim Himes,34,1,1
Fairfield,Bridgeport 126-2 Hallen,U.S. House,4,UNK,Jim Himes,50,1,1
Fairfield,Bridgeport 126-2 Hallen,State Senate,23,DEM,Andres Ayala,645,12,9
,Bridgeport 126-2 Hallen,State Senate,23,WF,Andres Ayala,41,1,2
Fairfield,Bridgeport 126-2 Hallen,State Senate,23,UNK,Andres Ayala,37,0,0
Fairfield,Bridgeport 126-2 Hallen,State Assembly,126,DEM,Charlie Stallworth,689,14,10
Fairfield,Bridgeport 126-2 Hallen,Secretary of State,,REP,Peter Lumaj,84,2,3
Fairfield,Bridgeport 126-2 Hallen,Secretary of State,,IND,Peter Lumaj,13,0,0
Fairfield,Bridgeport 126-2 Hallen,Secretary of State,,UNK,Peter Lumaj,1,0,0
Fairfield,Bridgeport 126-2 Hallen,Secretary of State,,DEM,Denise Merrill,626,12,9
Fairfield,Bridgeport 126-2 Hallen,Secretary of State,,WF,Denise Merrill,30,1,1
Fairfield,Bridgeport 126-2 Hallen,Secretary of State,,UNK,Denise Merrill,29,0,0
Fairfield,Bridgeport 126-2 Hallen,Secretary of State,,Green,Michael DeRosa,8,0,0
Fairfield,Bridgeport 126-2 Hallen,State Treasurer,,REP,Tim Herbst,85,2,3
Fairfield,Bridgeport 126-2 Hallen,State Treasurer,,IND,Tim Herbst,15,0,0
Fairfield,Bridgeport 126-2 Hallen,State Treasurer,,UNK,Tim Herbst,0,0,1
Fairfield,Bridgeport 126-2 Hallen,State Treasurer,,DEM,Denise Nappier,641,12,9
Fairfield,Bridgeport 126-2 Hallen,State Treasurer,,WF,Denise Nappier,36,1,2
Fairfield,Bridgeport 126-2 Hallen,State Treasurer,,UNK,Denise Nappier,31,0,0
Fairfield,Bridgeport 126-2 Hallen,State Treasurer,,write-in,Rolf Maurer,0,0,2
Fairfield,Bridgeport 126-2 Hallen,Comptroller,,REP,Sharon McLaughlin,86,2,3
Fairfield,Bridgeport 126-2 Hallen,Comptroller,,IND,Sharon McLaughlin,12,0,0
Fairfield,Bridgeport 126-2 Hallen,Comptroller,,UNK,Sharon McLaughlin,0,0,0
Fairfield,Bridgeport 126-2 Hallen,Comptroller,,DEM,Kevin Lembo,613,12,8
Fairfield,Bridgeport 126-2 Hallen,Comptroller,,WF,Kevin Lembo,36,1,1
Fairfield,Bridgeport 126-2 Hallen,Comptroller,,IND,Kevin Lembo,28,0,0
Fairfield,Bridgeport 126-2 Hallen,Comptroller,,Green,Rolf Maurer,10,0,0
Fairfield,Bridgeport 126-2 Hallen,Attorney General,,REP,Kie Westby,77,2,4
Fairfield,Bridgeport 126-2 Hallen,Attorney General,,IND,Kie Westby,12,0,0
Fairfield,Bridgeport 126-2 Hallen,Attorney General,,UNK,Kie Westby,0,0,0
Fairfield,Bridgeport 126-2 Hallen,Attorney General,,DEM,George Jepsen,624,12,8
Fairfield,Bridgeport 126-2 Hallen,Attorney General,,WF,George Jepsen,40,1,2
Fairfield,Bridgeport 126-2 Hallen,Attorney General,,UNK,George Jepsen,31,0,0
Fairfield,Bridgeport 126-2 Hallen,Attorney General,,Green,Stephen Fournier,9,0,0
Fairfield,Bridgeport 126-3 Park City,Governor,,REP,Thomas C. Foley,219,10,3
Fairfield,Bridgeport 126-3 Park City,Governor,,IND,Thomas C. Foley,7,0,0
Fairfield,Bridgeport 126-3 Park City,Governor,,UNK,Thomas C. Foley,4,0,0
Fairfield,Bridgeport 126-3 Park City,Governor,,DEM,Dannel P. Malloy,595,13,6
Fairfield,Bridgeport 126-3 Park City,Governor,,WF,Dannel P. Malloy,96,0,2
Fairfield,Bridgeport 126-3 Park City,Governor,,UNK,Dannel P. Malloy,78,1,1
Fairfield,Bridgeport 126-3 Park City,Governor,,PC,Joe Visconti,4,0,0
Fairfield,Bridgeport 126-3 Park City,Governor,,write-in,Donald Gaita,1,0,0
Fairfield,Bridgeport 126-3 Park City,U.S. House,4,REP,Dan Debicella,185,8,1
Fairfield,Bridgeport 126-3 Park City,U.S. House,4,IND,Dan Debicella,8,0,0
Fairfield,Bridgeport 126-3 Park City,U.S. House,4,UNK,Dan Debicella,0,0,0
Fairfield,Bridgeport 126-3 Park City,U.S. House,4,DEM,Jim Himes,626,12,9
Fairfield,Bridgeport 126-3 Park City,U.S. House,4,WF,Jim Himes,102,0,1
Fairfield,Bridgeport 126-3 Park City,U.S. House,4,UNK,Jim Himes,61,0,1
Fairfield,Bridgeport 126-3 Park City,State Senate,22,REP,Enrico Costatini,200,9,2
Fairfield,Bridgeport 126-3 Park City,State Senate,13,DEM,Marilyn Moore,614,3,7
Fairfield,Bridgeport 126-3 Park City,State Senate,13,WF,Marilyn Moore,105,1,1
Fairfield,Bridgeport 126-3 Park City,State Senate,13,UNK,Marilyn Moore,55,0,0
Fairfield,Bridgeport 126-3 Park City,State Assembly,126,DEM,Charlie Stallworth,717,11,8
Fairfield,Bridgeport 126-3 Park City,Secretary of State,,REP,Peter Lumaj,205,8,1
Fairfield,Bridgeport 126-3 Park City,Secretary of State,,IND,Peter Lumaj,14,0,0
Fairfield,Bridgeport 126-3 Park City,Secretary of State,,UNK,Peter Lumaj,1,0,0
Fairfield,Bridgeport 126-3 Park City,Secretary of State,,DEM,Denise Merrill,595,11,8
Fairfield,Bridgeport 126-3 Park City,Secretary of State,,WF,Denise Merrill,83,0,1
Fairfield,Bridgeport 126-3 Park City,Secretary of State,,UNK,Denise Merrill,41,0,0
Fairfield,Bridgeport 126-3 Park City,Secretary of State,,Green,Michael DeRosa,16,0,0
Fairfield,Bridgeport 126-3 Park City,State Treasurer,,REP,Tim Herbst,200,9,1
Fairfield,Bridgeport 126-3 Park City,State Treasurer,,IND,Tim Herbst,23,0,0
Fairfield,Bridgeport 126-3 Park City,State Treasurer,,UNK,Tim Herbst,0,0,1
Fairfield,Bridgeport 126-3 Park City,State Treasurer,,DEM,Denise Nappier,606,12,8
Fairfield,Bridgeport 126-3 Park City,State Treasurer,,WF,Denise Nappier,84,0,1
Fairfield,Bridgeport 126-3 Park City,State Treasurer,,UNK,Denise Nappier,43,0,0
Fairfield,Bridgeport 126-3 Park City,Comptroller,,REP,Sharon McLaughlin,194,8,2
Fairfield,Bridgeport 126-3 Park City,Comptroller,,IND,Sharon McLaughlin,14,0,0
Fairfield,Bridgeport 126-3 Park City,Comptroller,,UNK,Sharon McLaughlin,1,0,0
Fairfield,Bridgeport 126-3 Park City,Comptroller,,DEM,Kevin Lembo,591,11,7
Fairfield,Bridgeport 126-3 Park City,Comptroller,,WF,Kevin Lembo,92,0,1
Fairfield,Bridgeport 126-3 Park City,Comptroller,,IND,Kevin Lembo,42,0,0
Fairfield,Bridgeport 126-3 Park City,Comptroller,,Green,Rolf Maurer,9,0,0
Fairfield,Bridgeport 126-3 Park City,Attorney General,,REP,Kie Westby,168,8,2
Fairfield,Bridgeport 126-3 Park City,Attorney General,,IND,Kie Westby,13,0,0
Fairfield,Bridgeport 126-3 Park City,Attorney General,,UNK,Kie Westby,1,0,0
Fairfield,Bridgeport 126-3 Park City,Attorney General,,DEM,George Jepsen,618,11,8
Fairfield,Bridgeport 126-3 Park City,Attorney General,,WF,George Jepsen,90,0,1
Fairfield,Bridgeport 126-3 Park City,Attorney General,,UNK,George Jepsen,42,1,0
Fairfield,Bridgeport 126-3 Park City,Attorney General,,Green,Stephen Fournier,12,0,0
Fairfield,Bridgeport 126-4 Read,Governor,,REP,Thomas C. Foley,68,2,2
Fairfield,Bridgeport 126-4 Read,Governor,,IND,Thomas C. Foley,1,0,0
Fairfield,Bridgeport 126-4 Read,Governor,,UNK,Thomas C. Foley,2,0,0
Fairfield,Bridgeport 126-4 Read,Governor,,DEM,Dannel P. Malloy,206,5,2
Fairfield,Bridgeport 126-4 Read,Governor,,WF,Dannel P. Malloy,16,0,0
Fairfield,Bridgeport 126-4 Read,Governor,,UNK,Dannel P. Malloy,41,0,0
Fairfield,Bridgeport 126-4 Read,Governor,,PC,Joe Visconti,2,0,0
Fairfield,Bridgeport 126-4 Read,U.S. House,4,REP,Dan Debicella,60,1,1
Fairfield,Bridgeport 126-4 Read,U.S. House,4,IND,Dan Debicella,2,0,0
Fairfield,Bridgeport 126-4 Read,U.S. House,4,UNK,Dan Debicella,1,0,0
Fairfield,Bridgeport 126-4 Read,U.S. House,4,DEM,Jim Himes,216,5,2
Fairfield,Bridgeport 126-4 Read,U.S. House,4,WF,Jim Himes,17,0,0
Fairfield,Bridgeport 126-4 Read,U.S. House,4,UNK,Jim Himes,31,0,1
Fairfield,Bridgeport 126-4 Read,State Senate,23,DEM,Andres Ayala,207,6,1
Fairfield,Bridgeport 126-4 Read,State Senate,23,WF,Andres Ayala,19,0,1
Fairfield,Bridgeport 126-4 Read,State Senate,23,UNK,Andres Ayala,25,0,0
Fairfield,Bridgeport 126-4 Read,State Assembly,126,DEM,Charlie Stallworth,254,5,3
Fairfield,Bridgeport 126-4 Read,Secretary of State,,REP,Peter Lumaj,52,2,1
Fairfield,Bridgeport 126-4 Read,Secretary of State,,IND,Peter Lumaj,5,0,0
Fairfield,Bridgeport 126-4 Read,Secretary of State,,UNK,Peter Lumaj,1,0,0
Fairfield,Bridgeport 126-4 Read,Secretary of State,,DEM,Denise Merrill,208,5,2
Fairfield,Bridgeport 126-4 Read,Secretary of State,,WF,Denise Merrill,18,0,1
Fairfield,Bridgeport 126-4 Read,Secretary of State,,UNK,Denise Merrill,17,0,0
Fairfield,Bridgeport 126-4 Read,Secretary of State,,Green,Michael DeRosa,5,0,0
Fairfield,Bridgeport 126-4 Read,State Treasurer,,REP,Tim Herbst,60,2,1
Fairfield,Bridgeport 126-4 Read,State Treasurer,,IND,Tim Herbst,4,0,0
Fairfield,Bridgeport 126-4 Read,State Treasurer,,UNK,Tim Herbst,0,0,3
Fairfield,Bridgeport 126-4 Read,State Treasurer,,DEM,Denise Nappier,208,5,3
Fairfield,Bridgeport 126-4 Read,State Treasurer,,WF,Denise Nappier,14,0,0
Fairfield,Bridgeport 126-4 Read,State Treasurer,,UNK,Denise Nappier,25,0,0
Fairfield,Bridgeport 126-4 Read,Comptroller,,REP,Sharon McLaughlin,59,2,1
Fairfield,Bridgeport 126-4 Read,Comptroller,,IND,Sharon McLaughlin,8,0,0
Fairfield,Bridgeport 126-4 Read,Comptroller,,UNK,Sharon McLaughlin,2,0,0
Fairfield,Bridgeport 126-4 Read,Comptroller,,DEM,Kevin Lembo,211,5,3
Fairfield,Bridgeport 126-4 Read,Comptroller,,WF,Kevin Lembo,12,0,0
Fairfield,Bridgeport 126-4 Read,Comptroller,,IND,Kevin Lembo,17,0,0
Fairfield,Bridgeport 126-4 Read,Comptroller,,Green,Rolf Maurer,0,0,0
Fairfield,Bridgeport 126-4 Read,Attorney General,,REP,Kie Westby,48,0,1
Fairfield,Bridgeport 126-4 Read,Attorney General,,IND,Kie Westby,6,0,0
Fairfield,Bridgeport 126-4 Read,Attorney General,,UNK,Kie Westby,1,0,0
Fairfield,Bridgeport 126-4 Read,Attorney General,,DEM,George Jepsen,212,7,2
Fairfield,Bridgeport 126-4 Read,Attorney General,,WF,George Jepsen,12,0,1
Fairfield,Bridgeport 126-4 Read,Attorney General,,UNK,George Jepsen,17,0,0
Fairfield,Bridgeport 126-4 Read,Attorney General,,Green,Stephen Fournier,5,0,0
Fairfield,Bridgeport 126-5 Hooker,Governor,,REP,Thomas C. Foley,269,12,3
Fairfield,Bridgeport 126-5 Hooker,Governor,,IND,Thomas C. Foley,16,1,0
Fairfield,Bridgeport 126-5 Hooker,Governor,,UNK,Thomas C. Foley,9,0,0
Fairfield,Bridgeport 126-5 Hooker,Governor,,DEM,Dannel P. Malloy,780,14,9
Fairfield,Bridgeport 126-5 Hooker,Governor,,WF,Dannel P. Malloy,49,0,0
Fairfield,Bridgeport 126-5 Hooker,Governor,,UNK,Dannel P. Malloy,64,2,2
Fairfield,Bridgeport 126-5 Hooker,Governor,,PC,Joe Visconti,5,0,0
Fairfield,Bridgeport 126-5 Hooker,Governor,,write-in,Jonathan Pelto,3,0,0
Fairfield,Bridgeport 126-5 Hooker,U.S. House,4,REP,Dan Debicella,222,9,3
Fairfield,Bridgeport 126-5 Hooker,U.S. House,4,IND,Dan Debicella,27,0,0
Fairfield,Bridgeport 126-5 Hooker,U.S. House,4,UNK,Dan Debicella,0,0,0
Fairfield,Bridgeport 126-5 Hooker,U.S. House,4,DEM,Jim Himes,798,15,9
Fairfield,Bridgeport 126-5 Hooker,U.S. House,4,WF,Jim Himes,57,1,0
Fairfield,Bridgeport 126-5 Hooker,U.S. House,4,UNK,Jim Himes,45,1,2
Fairfield,Bridgeport 126-5 Hooker,State Senate,23,DEM,Andres Ayala,771,18,7
Fairfield,Bridgeport 126-5 Hooker,State Senate,23,WF,Andres Ayala,92,0,1
Fairfield,Bridgeport 126-5 Hooker,State Senate,23,UNK,Andres Ayala,52,1,2
Fairfield,Bridgeport 126-5 Hooker,State Assembly,126,DEM,Charlie Stallworth,867,17,9
Fairfield,Bridgeport 126-5 Hooker,Secretary of State,,REP,Peter Lumaj,218,9,3
Fairfield,Bridgeport 126-5 Hooker,Secretary of State,,IND,Peter Lumaj,25,0,0
Fairfield,Bridgeport 126-5 Hooker,Secretary of State,,UNK,Peter Lumaj,1,0,0
Fairfield,Bridgeport 126-5 Hooker,Secretary of State,,DEM,Denise Merrill,741,15,6
Fairfield,Bridgeport 126-5 Hooker,Secretary of State,,WF,Denise Merrill,62,1,0
Fairfield,Bridgeport 126-5 Hooker,Secretary of State,,UNK,Denise Merrill,33,0,2
Fairfield,Bridgeport 126-5 Hooker,Secretary of State,,Green,Michael DeRosa,21,0,0
Fairfield,Bridgeport 126-5 Hooker,State Treasurer,,REP,Tim Herbst,232,9,3
Fairfield,Bridgeport 126-5 Hooker,State Treasurer,,IND,Tim Herbst,28,0,0
Fairfield,Bridgeport 126-5 Hooker,State Treasurer,,UNK,Tim Herbst,0,0,0
Fairfield,Bridgeport 126-5 Hooker,State Treasurer,,DEM,Denise Nappier,753,14,6
Fairfield,Bridgeport 126-5 Hooker,State Treasurer,,WF,Denise Nappier,64,1,0
Fairfield,Bridgeport 126-5 Hooker,State Treasurer,,UNK,Denise Nappier,30,0,2
Fairfield,Bridgeport 126-5 Hooker,Comptroller,,REP,Sharon McLaughlin,210,9,3
Fairfield,Bridgeport 126-5 Hooker,Comptroller,,IND,Sharon McLaughlin,26,0,0
Fairfield,Bridgeport 126-5 Hooker,Comptroller,,UNK,Sharon McLaughlin,0,0,0
Fairfield,Bridgeport 126-5 Hooker,Comptroller,,DEM,Kevin Lembo,753,14,5
Fairfield,Bridgeport 126-5 Hooker,Comptroller,,WF,Kevin Lembo,58,1,0
Fairfield,Bridgeport 126-5 Hooker,Comptroller,,IND,Kevin Lembo,26,0,2
Fairfield,Bridgeport 126-5 Hooker,Comptroller,,Green,Rolf Maurer,13,0,0
Fairfield,Bridgeport 126-5 Hooker,Attorney General,,REP,Kie Westby,186,9,3
Fairfield,Bridgeport 126-5 Hooker,Attorney General,,IND,Kie Westby,22,0,0
Fairfield,Bridgeport 126-5 Hooker,Attorney General,,UNK,Kie Westby,1,0,0
Fairfield,Bridgeport 126-5 Hooker,Attorney General,,DEM,George Jepsen,771,15,4
Fairfield,Bridgeport 126-5 Hooker,Attorney General,,WF,George Jepsen,69,1,0
Fairfield,Bridgeport 126-5 Hooker,Attorney General,,UNK,George Jepsen,28,0,2
Fairfield,Bridgeport 126-5 Hooker,Attorney General,,Green,Stephen Fournier,13,0,0
Fairfield,Bridgeport 126-6 Cross,Governor,,REP,Thomas C. Foley,83,4,1
Fairfield,Bridgeport 126-6 Cross,Governor,,IND,Thomas C. Foley,10,0,0
Fairfield,Bridgeport 126-6 Cross,Governor,,UNK,Thomas C. Foley,2,3,0
Fairfield,Bridgeport 126-6 Cross,Governor,,DEM,Dannel P. Malloy,837,31,6
Fairfield,Bridgeport 126-6 Cross,Governor,,WF,Dannel P. Malloy,94,1,2
Fairfield,Bridgeport 126-6 Cross,Governor,,UNK,Dannel P. Malloy,122,1,0
Fairfield,Bridgeport 126-6 Cross,Governor,,PC,Joe Visconti,1,0,0
Fairfield,Bridgeport 126-6 Cross,U.S. House,4,REP,Dan Debicella,62,1,1
Fairfield,Bridgeport 126-6 Cross,U.S. House,4,IND,Dan Debicella,3,0,0
Fairfield,Bridgeport 126-6 Cross,U.S. House,4,UNK,Dan Debicella,4,0,0
Fairfield,Bridgeport 126-6 Cross,U.S. House,4,DEM,Jim Himes,848,32,6
Fairfield,Bridgeport 126-6 Cross,U.S. House,4,WF,Jim Himes,98,1,1
Fairfield,Bridgeport 126-6 Cross,U.S. House,4,UNK,Jim Himes,78,4,0
Fairfield,Bridgeport 126-6 Cross,State Senate,22,REP,Enrico Costatini,78,2,1
Fairfield,Bridgeport 126-6 Cross,State Senate,22,DEM,Marilyn Moore,823,31,5
Fairfield,Bridgeport 126-6 Cross,State Senate,22,WF,Marilyn Moore,116,1,1
Fairfield,Bridgeport 126-6 Cross,State Senate,22,UNK,Marilyn Moore,86,4,0
Fairfield,Bridgeport 126-6 Cross,State Assembly,126,DEM,Charlie Stallworth,913,30,5
Fairfield,Bridgeport 126-6 Cross,Secretary of State,,REP,Peter Lumaj,61,2,1
Fairfield,Bridgeport 126-6 Cross,Secretary of State,,IND,Peter Lumaj,6,0,0
Fairfield,Bridgeport 126-6 Cross,Secretary of State,,UNK,Peter Lumaj,0,0,0
Fairfield,Bridgeport 126-6 Cross,Secretary of State,,DEM,Denise Merrill,816,29,4
Fairfield,Bridgeport 126-6 Cross,Secretary of State,,WF,Denise Merrill,96,1,1
Fairfield,Bridgeport 126-6 Cross,Secretary of State,,UNK,Denise Merrill,46,1,0
Fairfield,Bridgeport 126-6 Cross,Secretary of State,,Green,Michael DeRosa,9,0,1
Fairfield,Bridgeport 126-6 Cross,State Treasurer,,REP,Tim Herbst,61,1,1
Fairfield,Bridgeport 126-6 Cross,State Treasurer,,IND,Tim Herbst,10,0,1
Fairfield,Bridgeport 126-6 Cross,State Treasurer,,UNK,Tim Herbst,0,0,0
Fairfield,Bridgeport 126-6 Cross,State Treasurer,,DEM,Denise Nappier,836,29,4
Fairfield,Bridgeport 126-6 Cross,State Treasurer,,WF,Denise Nappier,98,1,1
Fairfield,Bridgeport 126-6 Cross,State Treasurer,,UNK,Denise Nappier,58,1,0
Fairfield,Bridgeport 126-6 Cross,Comptroller,,REP,Sharon McLaughlin,64,1,1
Fairfield,Bridgeport 126-6 Cross,Comptroller,,IND,Sharon McLaughlin,6,0,0
Fairfield,Bridgeport 126-6 Cross,Comptroller,,UNK,Sharon McLaughlin,0,0,0
Fairfield,Bridgeport 126-6 Cross,Comptroller,,DEM,Kevin Lembo,802,29,4
Fairfield,Bridgeport 126-6 Cross,Comptroller,,WF,Kevin Lembo,98,1,1
Fairfield,Bridgeport 126-6 Cross,Comptroller,,IND,Kevin Lembo,43,1,0
Fairfield,Bridgeport 126-6 Cross,Comptroller,,Green,Rolf Maurer,5,0,1
Fairfield,Bridgeport 126-6 Cross,Attorney General,,REP,Kie Westby,58,1,1
Fairfield,Bridgeport 126-6 Cross,Attorney General,,IND,Kie Westby,6,0,0
Fairfield,Bridgeport 126-6 Cross,Attorney General,,UNK,Kie Westby,0,0,0
Fairfield,Bridgeport 126-6 Cross,Attorney General,,DEM,George Jepsen,814,30,4
Fairfield,Bridgeport 126-6 Cross,Attorney General,,WF,George Jepsen,92,1,1
Fairfield,Bridgeport 126-6 Cross,Attorney General,,UNK,George Jepsen,44,1,0
Fairfield,Bridgeport 126-6 Cross,Attorney General,,Green,Stephen Fournier,5,0,1
Fairfield,Bridgeport 127-1 Blackhorn,Governor,,REP,Thomas C. Foley,598,41,5
Fairfield,Bridgeport 127-1 Blackhorn,Governor,,IND,Thomas C. Foley,18,2,1
Fairfield,Bridgeport 127-1 Blackhorn,Governor,,UNK,Thomas C. Foley,18,0,0
Fairfield,Bridgeport 127-1 Blackhorn,Governor,,DEM,Dannel P. Malloy,1266,89,20
Fairfield,Bridgeport 127-1 Blackhorn,Governor,,WF,Dannel P. Malloy,162,2,3
Fairfield,Bridgeport 127-1 Blackhorn,Governor,,UNK,Dannel P. Malloy,140,0,1
Fairfield,Bridgeport 127-1 Blackhorn,Governor,,PC,Joe Visconti,11,2,0
Fairfield,Bridgeport 127-1 Blackhorn,Governor,,write-in,Jonathan Pelto,3,0,0
Fairfield,Bridgeport 127-1 Blackhorn,U.S. House,4,REP,Dan Debicella,532,38,5
Fairfield,Bridgeport 127-1 Blackhorn,U.S. House,4,IND,Dan Debicella,24,1,1
Fairfield,Bridgeport 127-1 Blackhorn,U.S. House,4,UNK,Dan Debicella,4,0,0
Fairfield,Bridgeport 127-1 Blackhorn,U.S. House,4,DEM,Jim Himes,1309,92,19
Fairfield,Bridgeport 127-1 Blackhorn,U.S. House,4,WF,Jim Himes,172,1,3
Fairfield,Bridgeport 127-1 Blackhorn,U.S. House,4,UNK,Jim Himes,113,1,0
Fairfield,Bridgeport 127-1 Blackhorn,State Senate,22,REP,Enrico Costatini,583,39,6
Fairfield,Bridgeport 127-1 Blackhorn,State Senate,22,DEM,Marilyn Moore,1260,88,20
Fairfield,Bridgeport 127-1 Blackhorn,State Senate,22,WF,Marilyn Moore,183,2,2
Fairfield,Bridgeport 127-1 Blackhorn,State Senate,22,UNK,Marilyn Moore,98,0,0
Fairfield,Bridgeport 127-1 Blackhorn,State Assembly,127,DEM,Jack Hennessey,1404,99,18
Fairfield,Bridgeport 127-1 Blackhorn,State Assembly,127,WF,Jack Hennessey,239,3,4
Fairfield,Bridgeport 127-1 Blackhorn,State Assembly,127,UNK,Jack Hennessey,100,1,0
Fairfield,Bridgeport 127-1 Blackhorn,Secretary of State,,REP,Peter Lumaj,526,38,6
Fairfield,Bridgeport 127-1 Blackhorn,Secretary of State,,IND,Peter Lumaj,24,2,0
Fairfield,Bridgeport 127-1 Blackhorn,Secretary of State,,UNK,Peter Lumaj,4,0,0
Fairfield,Bridgeport 127-1 Blackhorn,Secretary of State,,DEM,Denise Merrill,1250,86,19
Fairfield,Bridgeport 127-1 Blackhorn,Secretary of State,,WF,Denise Merrill,181,2,1
Fairfield,Bridgeport 127-1 Blackhorn,Secretary of State,,UNK,Denise Merrill,84,0,0
Fairfield,Bridgeport 127-1 Blackhorn,Secretary of State,,Green,Michael DeRosa,34,1,1
Fairfield,Bridgeport 127-1 Blackhorn,State Treasurer,,REP,Tim Herbst,554,42,6
Fairfield,Bridgeport 127-1 Blackhorn,State Treasurer,,IND,Tim Herbst,33,2,2
Fairfield,Bridgeport 127-1 Blackhorn,State Treasurer,,UNK,Tim Herbst,4,0,0
Fairfield,Bridgeport 127-1 Blackhorn,State Treasurer,,DEM,Denise Nappier,1243,84,18
Fairfield,Bridgeport 127-1 Blackhorn,State Treasurer,,WF,Denise Nappier,182,0,1
Fairfield,Bridgeport 127-1 Blackhorn,State Treasurer,,UNK,Denise Nappier,88,0,0
Fairfield,Bridgeport 127-1 Blackhorn,Comptroller,,REP,Sharon McLaughlin,528,36,6
Fairfield,Bridgeport 127-1 Blackhorn,Comptroller,,IND,Sharon McLaughlin,19,1,3
Fairfield,Bridgeport 127-1 Blackhorn,Comptroller,,UNK,Sharon McLaughlin,3,0,0
Fairfield,Bridgeport 127-1 Blackhorn,Comptroller,,DEM,Kevin Lembo,1240,88,16
Fairfield,Bridgeport 127-1 Blackhorn,Comptroller,,WF,Kevin Lembo,180,1,1
Fairfield,Bridgeport 127-1 Blackhorn,Comptroller,,IND,Kevin Lembo,82,0,0
Fairfield,Bridgeport 127-1 Blackhorn,Comptroller,,Green,Rolf Maurer,24,0,0
Fairfield,Bridgeport 127-1 Blackhorn,Attorney General,,REP,Kie Westby,496,37,6
Fairfield,Bridgeport 127-1 Blackhorn,Attorney General,,IND,Kie Westby,16,2,2
Fairfield,Bridgeport 127-1 Blackhorn,Attorney General,,UNK,Kie Westby,3,0,0
Fairfield,Bridgeport 127-1 Blackhorn,Attorney General,,DEM,George Jepsen,1289,56,18
Fairfield,Bridgeport 127-1 Blackhorn,Attorney General,,WF,George Jepsen,174,87,1
Fairfield,Bridgeport 127-1 Blackhorn,Attorney General,,UNK,George Jepsen,79,1,0
Fairfield,Bridgeport 127-1 Blackhorn,Attorney General,,Green,Stephen Fournier,27,0,0
Fairfield,Bridgeport 127-2 Read,Governor,,REP,Thomas C. Foley,15,0,0
Fairfield,Bridgeport 127-2 Read,Governor,,IND,Thomas C. Foley,0,0,0
Fairfield,Bridgeport 127-2 Read,Governor,,UNK,Thomas C. Foley,0,0,0
Fairfield,Bridgeport 127-2 Read,Governor,,DEM,Dannel P. Malloy,64,2,1
Fairfield,Bridgeport 127-2 Read,Governor,,WF,Dannel P. Malloy,4,0,0
Fairfield,Bridgeport 127-2 Read,Governor,,UNK,Dannel P. Malloy,5,0,0
Fairfield,Bridgeport 127-2 Read,Governor,,PC,Joe Visconti,0,0,0
Fairfield,Bridgeport 127-2 Read,U.S. House,4,REP,Dan Debicella,12,0,0
Fairfield,Bridgeport 127-2 Read,U.S. House,4,IND,Dan Debicella,0,0,0
Fairfield,Bridgeport 127-2 Read,U.S. House,4,UNK,Dan Debicella,0,0,0
Fairfield,Bridgeport 127-2 Read,U.S. House,4,DEM,Jim Himes,63,2,2
Fairfield,Bridgeport 127-2 Read,U.S. House,4,WF,Jim Himes,6,0,0
Fairfield,Bridgeport 127-2 Read,U.S. House,4,UNK,Jim Himes,4,0,0
Fairfield,Bridgeport 127-2 Read,State Senate,23,DEM,Andres Ayala,58,2,2
Fairfield,Bridgeport 127-2 Read,State Senate,23,WF,Andres Ayala,6,0,0
Fairfield,Bridgeport 127-2 Read,State Senate,23,UNK,Andres Ayala,4,0,0
Fairfield,Bridgeport 127-2 Read,State Assembly,127,DEM,Jack Hennessey,61,2,1
Fairfield,Bridgeport 127-2 Read,State Assembly,127,WF,Jack Hennessey,7,0,0
Fairfield,Bridgeport 127-2 Read,State Assembly,127,UNK,Jack Hennessey,3,0,0
Fairfield,Bridgeport 127-2 Read,Secretary of State,,REP,Peter Lumaj,11,0,0
Fairfield,Bridgeport 127-2 Read,Secretary of State,,IND,Peter Lumaj,1,0,0
Fairfield,Bridgeport 127-2 Read,Secretary of State,,UNK,Peter Lumaj,0,0,0
Fairfield,Bridgeport 127-2 Read,Secretary of State,,DEM,Denise Merrill,63,2,1
Fairfield,Bridgeport 127-2 Read,Secretary of State,,WF,Denise Merrill,5,0,0
Fairfield,Bridgeport 127-2 Read,Secretary of State,,UNK,Denise Merrill,3,0,0
Fairfield,Bridgeport 127-2 Read,Secretary of State,,Green,Michael DeRosa,1,0,0
Fairfield,Bridgeport 127-2 Read,State Treasurer,,REP,Tim Herbst,3,0,0
Fairfield,Bridgeport 127-2 Read,State Treasurer,,IND,Tim Herbst,3,0,0
Fairfield,Bridgeport 127-2 Read,State Treasurer,,UNK,Tim Herbst,0,0,0
Fairfield,Bridgeport 127-2 Read,State Treasurer,,DEM,Denise Nappier,59,2,2
Fairfield,Bridgeport 127-2 Read,State Treasurer,,WF,Denise Nappier,6,0,0
Fairfield,Bridgeport 127-2 Read,State Treasurer,,UNK,Denise Nappier,3,0,0
Fairfield,Bridgeport 127-2 Read,Comptroller,,REP,Sharon McLaughlin,10,0,0
Fairfield,Bridgeport 127-2 Read,Comptroller,,IND,Sharon McLaughlin,0,0,0
Fairfield,Bridgeport 127-2 Read,Comptroller,,UNK,Sharon McLaughlin,0,0,0
Fairfield,Bridgeport 127-2 Read,Comptroller,,DEM,Kevin Lembo,61,2,1
Fairfield,Bridgeport 127-2 Read,Comptroller,,WF,Kevin Lembo,6,0,0
Fairfield,Bridgeport 127-2 Read,Comptroller,,IND,Kevin Lembo,3,0,0
Fairfield,Bridgeport 127-2 Read,Comptroller,,Green,Rolf Maurer,1,0,0
Fairfield,Bridgeport 127-2 Read,Attorney General,,REP,Kie Westby,9,0,0
Fairfield,Bridgeport 127-2 Read,Attorney General,,IND,Kie Westby,0,0,0
Fairfield,Bridgeport 127-2 Read,Attorney General,,UNK,Kie Westby,0,0,0
Fairfield,Bridgeport 127-2 Read,Attorney General,,DEM,George Jepsen,62,2,1
Fairfield,Bridgeport 127-2 Read,Attorney General,,WF,George Jepsen,6,0,0
Fairfield,Bridgeport 127-2 Read,Attorney General,,UNK,George Jepsen,3,0,0
Fairfield,Bridgeport 127-2 Read,Attorney General,,Green,Stephen Fournier,1,0,0
Fairfield,Bridgeport 127-3 Winthrop,Governor,,REP,Thomas C. Foley,597,32,7
Fairfield,Bridgeport 127-3 Winthrop,Governor,,IND,Thomas C. Foley,15,1,1
Fairfield,Bridgeport 127-3 Winthrop,Governor,,UNK,Thomas C. Foley,8,0,0
Fairfield,Bridgeport 127-3 Winthrop,Governor,,DEM,Dannel P. Malloy,1025,64,7
Fairfield,Bridgeport 127-3 Winthrop,Governor,,WF,Dannel P. Malloy,55,0,0
Fairfield,Bridgeport 127-3 Winthrop,Governor,,UNK,Dannel P. Malloy,86,3,0
Fairfield,Bridgeport 127-3 Winthrop,Governor,,PC,Joe Visconti,8,0,0
Fairfield,Bridgeport 127-3 Winthrop,Governor,,write-in,Donald Gaita,1,0,0
Fairfield,Bridgeport 127-3 Winthrop,U.S. House,4,REP,Dan Debicella,511,30,5
Fairfield,Bridgeport 127-3 Winthrop,U.S. House,4,IND,Dan Debicella,22,1,1
Fairfield,Bridgeport 127-3 Winthrop,U.S. House,4,UNK,Dan Debicella,1,0,0
Fairfield,Bridgeport 127-3 Winthrop,U.S. House,4,DEM,Jim Himes,1057,65,9
Fairfield,Bridgeport 127-3 Winthrop,U.S. House,4,WF,Jim Himes,74,0,0
Fairfield,Bridgeport 127-3 Winthrop,U.S. House,4,UNK,Jim Himes,63,2,0
Fairfield,Bridgeport 127-3 Winthrop,State Senate,22,REP,Enrico Costatini,566,35,7
Fairfield,Bridgeport 127-3 Winthrop,State Senate,22,DEM,Marilyn Moore,1002,62,8
Fairfield,Bridgeport 127-3 Winthrop,State Senate,22,WF,Marilyn Moore,83,0,0
Fairfield,Bridgeport 127-3 Winthrop,State Senate,22,UNK,Marilyn Moore,65,3,0
Fairfield,Bridgeport 127-3 Winthrop,State Assembly,127,DEM,Jack Hennessey,1107,72,10
Fairfield,Bridgeport 127-3 Winthrop,State Assembly,127,WF,Jack Hennessey,133,0,0
Fairfield,Bridgeport 127-3 Winthrop,State Assembly,127,UNK,Jack Hennessey,56,3,0
Fairfield,Bridgeport 127-3 Winthrop,Secretary of State,,REP,Peter Lumaj,505,33,4
Fairfield,Bridgeport 127-3 Winthrop,Secretary of State,,IND,Peter Lumaj,24,2,1
Fairfield,Bridgeport 127-3 Winthrop,Secretary of State,,UNK,Peter Lumaj,0,0,0
Fairfield,Bridgeport 127-3 Winthrop,Secretary of State,,DEM,Denise Merrill,984,59,8
Fairfield,Bridgeport 127-3 Winthrop,Secretary of State,,WF,Denise Merrill,74,0,2
Fairfield,Bridgeport 127-3 Winthrop,Secretary of State,,UNK,Denise Merrill,51,2,0
Fairfield,Bridgeport 127-3 Winthrop,Secretary of State,,Green,Michael DeRosa,24,5,0
Fairfield,Bridgeport 127-3 Winthrop,State Treasurer,,REP,Tim Herbst,532,40,6
Fairfield,Bridgeport 127-3 Winthrop,State Treasurer,,IND,Tim Herbst,24,1,1
Fairfield,Bridgeport 127-3 Winthrop,State Treasurer,,UNK,Tim Herbst,1,0,0
Fairfield,Bridgeport 127-3 Winthrop,State Treasurer,,DEM,Denise Nappier,979,61,8
Fairfield,Bridgeport 127-3 Winthrop,State Treasurer,,WF,Denise Nappier,85,0,0
Fairfield,Bridgeport 127-3 Winthrop,State Treasurer,,UNK,Denise Nappier,52,2,0
Fairfield,Bridgeport 127-3 Winthrop,Comptroller,,REP,Sharon McLaughlin,496,33,5
Fairfield,Bridgeport 127-3 Winthrop,Comptroller,,IND,Sharon McLaughlin,30,3,2
Fairfield,Bridgeport 127-3 Winthrop,Comptroller,,UNK,Sharon McLaughlin,1,0,0
Fairfield,Bridgeport 127-3 Winthrop,Comptroller,,DEM,Kevin Lembo,971,62,8
Fairfield,Bridgeport 127-3 Winthrop,Comptroller,,WF,Kevin Lembo,77,2,0
Fairfield,Bridgeport 127-3 Winthrop,Comptroller,,IND,Kevin Lembo,51,2,0
Fairfield,Bridgeport 127-3 Winthrop,Comptroller,,Green,Rolf Maurer,17,1,0
Fairfield,Bridgeport 127-3 Winthrop,Attorney General,,REP,Kie Westby,468,25,5
Fairfield,Bridgeport 127-3 Winthrop,Attorney General,,IND,Kie Westby,23,2,1
Fairfield,Bridgeport 127-3 Winthrop,Attorney General,,UNK,Kie Westby,0,0,0
Fairfield,Bridgeport 127-3 Winthrop,Attorney General,,DEM,George Jepsen,1028,66,7
Fairfield,Bridgeport 127-3 Winthrop,Attorney General,,WF,George Jepsen,77,0,1
Fairfield,Bridgeport 127-3 Winthrop,Attorney General,,UNK,George Jepsen,52,2,0
Fairfield,Bridgeport 127-3 Winthrop,Attorney General,,Green,Stephen Fournier,18,1,2
Fairfield,Bridgeport 128-1 Johnson,Governor,,REP,Thomas C. Foley,117,6,0
Fairfield,Bridgeport 128-1 Johnson,Governor,,IND,Thomas C. Foley,6,0,0
Fairfield,Bridgeport 128-1 Johnson,Governor,,UNK,Thomas C. Foley,5,0,0
Fairfield,Bridgeport 128-1 Johnson,Governor,,DEM,Dannel P. Malloy,721,41,13
Fairfield,Bridgeport 128-1 Johnson,Governor,,WF,Dannel P. Malloy,24,0,0
Fairfield,Bridgeport 128-1 Johnson,Governor,,UNK,Dannel P. Malloy,64,0,3
Fairfield,Bridgeport 128-1 Johnson,Governor,,PC,Joe Visconti,4,0,1
Fairfield,Bridgeport 128-1 Johnson,U.S. House,4,REP,Dan Debicella,105,3,0
Fairfield,Bridgeport 128-1 Johnson,U.S. House,4,IND,Dan Debicella,9,0,0
Fairfield,Bridgeport 128-1 Johnson,U.S. House,4,UNK,Dan Debicella,3,0,0
Fairfield,Bridgeport 128-1 Johnson,U.S. House,4,DEM,Jim Himes,706,44,15
Fairfield,Bridgeport 128-1 Johnson,U.S. House,4,WF,Jim Himes,28,0,0
Fairfield,Bridgeport 128-1 Johnson,U.S. House,4,UNK,Jim Himes,48,2,2
Fairfield,Bridgeport 128-1 Johnson,State Senate,23,DEM,Andres Ayala,712,44,13
Fairfield,Bridgeport 128-1 Johnson,State Senate,23,WF,Andres Ayala,43,1,0
Fairfield,Bridgeport 128-1 Johnson,State Senate,23,UNK,Andres Ayala,36,2,3
Fairfield,Bridgeport 128-1 Johnson,State Assembly,128,REP,Ethan Book,141,2,1
Fairfield,Bridgeport 128-1 Johnson,State Assembly,128,DEM,Christopher Rosario,715,43,15
Fairfield,Bridgeport 128-1 Johnson,State Assembly,128,P&P,Angel Reyes,31,2,1
Fairfield,Bridgeport 128-1 Johnson,Secretary of State,,REP,Peter Lumaj,109,4,1
Fairfield,Bridgeport 128-1 Johnson,Secretary of State,,IND,Peter Lumaj,9,0,0
Fairfield,Bridgeport 128-1 Johnson,Secretary of State,,UNK,Peter Lumaj,2,0,0
Fairfield,Bridgeport 128-1 Johnson,Secretary of State,,DEM,Denise Merrill,679,40,13
Fairfield,Bridgeport 128-1 Johnson,Secretary of State,,WF,Denise Merrill,27,1,0
Fairfield,Bridgeport 128-1 Johnson,Secretary of State,,UNK,Denise Merrill,26,1,2
Fairfield,Bridgeport 128-1 Johnson,Secretary of State,,Green,Michael DeRosa,14,0,1
Fairfield,Bridgeport 128-1 Johnson,State Treasurer,,REP,Tim Herbst,309,2,0
Fairfield,Bridgeport 128-1 Johnson,State Treasurer,,IND,Tim Herbst,11,0,1
Fairfield,Bridgeport 128-1 Johnson,State Treasurer,,UNK,Tim Herbst,3,0,0
Fairfield,Bridgeport 128-1 Johnson,State Treasurer,,DEM,Denise Nappier,689,40,13
Fairfield,Bridgeport 128-1 Johnson,State Treasurer,,WF,Denise Nappier,33,1,0
Fairfield,Bridgeport 128-1 Johnson,State Treasurer,,UNK,Denise Nappier,27,1,4
Fairfield,Bridgeport 128-1 Johnson,Comptroller,,REP,Sharon McLaughlin,107,3,0
Fairfield,Bridgeport 128-1 Johnson,Comptroller,,IND,Sharon McLaughlin,12,1,0
Fairfield,Bridgeport 128-1 Johnson,Comptroller,,UNK,Sharon McLaughlin,2,0,0
Fairfield,Bridgeport 128-1 Johnson,Comptroller,,DEM,Kevin Lembo,675,39,13
Fairfield,Bridgeport 128-1 Johnson,Comptroller,,WF,Kevin Lembo,28,0,1
Fairfield,Bridgeport 128-1 Johnson,Comptroller,,IND,Kevin Lembo,28,1,2
Fairfield,Bridgeport 128-1 Johnson,Comptroller,,Green,Rolf Maurer,8,0,0
Fairfield,Bridgeport 128-1 Johnson,Attorney General,,REP,Kie Westby,106,0,0
Fairfield,Bridgeport 128-1 Johnson,Attorney General,,IND,Kie Westby,5,0,0
Fairfield,Bridgeport 128-1 Johnson,Attorney General,,UNK,Kie Westby,2,0,0
Fairfield,Bridgeport 128-1 Johnson,Attorney General,,DEM,George Jepsen,679,42,14
Fairfield,Bridgeport 128-1 Johnson,Attorney General,,WF,George Jepsen,32,1,0
Fairfield,Bridgeport 128-1 Johnson,Attorney General,,UNK,George Jepsen,28,1,2
Fairfield,Bridgeport 128-1 Johnson,Attorney General,,Green,Stephen Fournier,11,0,0
Fairfield,Bridgeport 128-2 Marin,Governor,,REP,Thomas C. Foley,135,13,3
Fairfield,Bridgeport 128-2 Marin,Governor,,IND,Thomas C. Foley,8,1,0
Fairfield,Bridgeport 128-2 Marin,Governor,,UNK,Thomas C. Foley,3,0,0
Fairfield,Bridgeport 128-2 Marin,Governor,,DEM,Dannel P. Malloy,655,91,8
Fairfield,Bridgeport 128-2 Marin,Governor,,WF,Dannel P. Malloy,35,1,2
Fairfield,Bridgeport 128-2 Marin,Governor,,UNK,Dannel P. Malloy,45,1,0
Fairfield,Bridgeport 128-2 Marin,Governor,,PC,Joe Visconti,4,0,0
Fairfield,Bridgeport 128-2 Marin,U.S. House,4,REP,Dan Debicella,93,1,2
Fairfield,Bridgeport 128-2 Marin,U.S. House,4,IND,Dan Debicella,9,1,0
Fairfield,Bridgeport 128-2 Marin,U.S. House,4,UNK,Dan Debicella,2,0,0
Fairfield,Bridgeport 128-2 Marin,U.S. House,4,DEM,Jim Himes,666,97,7
Fairfield,Bridgeport 128-2 Marin,U.S. House,4,WF,Jim Himes,39,1,3
Fairfield,Bridgeport 128-2 Marin,U.S. House,4,UNK,Jim Himes,32,1,0
Fairfield,Bridgeport 128-2 Marin,State Senate,23,DEM,Andres Ayala,663,91,5
Fairfield,Bridgeport 128-2 Marin,State Senate,23,WF,Andres Ayala,53,2,2
Fairfield,Bridgeport 128-2 Marin,State Senate,23,IND,Andres Ayala,35,0,0
Fairfield,Bridgeport 128-2 Marin,State Assembly,128,REP,Ethan Book,89,8,1
Fairfield,Bridgeport 128-2 Marin,State Assembly,128,DEM,Christopher Rosario,634,93,4
Fairfield,Bridgeport 128-2 Marin,State Assembly,128,P&P,Angel Reyes,135,2,3
Fairfield,Bridgeport 128-2 Marin,Secretary of State,,REP,Peter Lumaj,87,2,2
Fairfield,Bridgeport 128-2 Marin,Secretary of State,,IND,Peter Lumaj,9,0,0
Fairfield,Bridgeport 128-2 Marin,Secretary of State,,UNK,Peter Lumaj,1,0,0
Fairfield,Bridgeport 128-2 Marin,Secretary of State,,DEM,Denise Merrill,631,89,5
Fairfield,Bridgeport 128-2 Marin,Secretary of State,,WF,Denise Merrill,31,1,2
Fairfield,Bridgeport 128-2 Marin,Secretary of State,,UNK,Denise Merrill,17,0,0
Fairfield,Bridgeport 128-2 Marin,Secretary of State,,Green,Michael DeRosa,12,0,1
Fairfield,Bridgeport 128-2 Marin,State Treasurer,,REP,Tim Herbst,91,2,1
Fairfield,Bridgeport 128-2 Marin,State Treasurer,,IND,Tim Herbst,15,0,0
Fairfield,Bridgeport 128-2 Marin,State Treasurer,,UNK,Tim Herbst,1,0,0
Fairfield,Bridgeport 128-2 Marin,State Treasurer,,DEM,Denise Nappier,637,90,5
Fairfield,Bridgeport 128-2 Marin,State Treasurer,,WF,Denise Nappier,26,1,3
Fairfield,Bridgeport 128-2 Marin,State Treasurer,,UNK,Denise Nappier,17,0,0
Fairfield,Bridgeport 128-2 Marin,Comptroller,,REP,Sharon McLaughlin,90,2,2
Fairfield,Bridgeport 128-2 Marin,Comptroller,,IND,Sharon McLaughlin,14,0,0
Fairfield,Bridgeport 128-2 Marin,Comptroller,,UNK,Sharon McLaughlin,1,0,0
Fairfield,Bridgeport 128-2 Marin,Comptroller,,DEM,Kevin Lembo,624,92,5
Fairfield,Bridgeport 128-2 Marin,Comptroller,,WF,Kevin Lembo,27,2,2
Fairfield,Bridgeport 128-2 Marin,Comptroller,,IND,Kevin Lembo,15,0,0
Fairfield,Bridgeport 128-2 Marin,Comptroller,,Green,Rolf Maurer,10,0,0
Fairfield,Bridgeport 128-2 Marin,Attorney General,,REP,Kie Westby,87,1,2
Fairfield,Bridgeport 128-2 Marin,Attorney General,,IND,Kie Westby,10,1,0
Fairfield,Bridgeport 128-2 Marin,Attorney General,,UNK,Kie Westby,1,0,0
Fairfield,Bridgeport 128-2 Marin,Attorney General,,DEM,George Jepsen,634,88,5
Fairfield,Bridgeport 128-2 Marin,Attorney General,,WF,George Jepsen,24,1,2
Fairfield,Bridgeport 128-2 Marin,Attorney General,,UNK,George Jepsen,15,0,0
Fairfield,Bridgeport 128-2 Marin,Attorney General,,Green,Stephen Fournier,14,0,0
Fairfield,Bridgeport 129-1 St Ann,Governor,,REP,Thomas C. Foley,518,15,3
Fairfield,Bridgeport 129-1 St Ann,Governor,,IND,Thomas C. Foley,28,1,0
Fairfield,Bridgeport 129-1 St Ann,Governor,,UNK,Thomas C. Foley,3,0,0
Fairfield,Bridgeport 129-1 St Ann,Governor,,DEM,Dannel P. Malloy,833,30,7
Fairfield,Bridgeport 129-1 St Ann,Governor,,WF,Dannel P. Malloy,75,2,1
Fairfield,Bridgeport 129-1 St Ann,Governor,,UNK,Dannel P. Malloy,20,0,0
Fairfield,Bridgeport 129-1 St Ann,Governor,,PC,Joe Visconti,14,0,0
Fairfield,Bridgeport 129-1 St Ann,U.S. House,4,REP,Dan Debicella,466,15,2
Fairfield,Bridgeport 129-1 St Ann,U.S. House,4,IND,Dan Debicella,29,1,0
Fairfield,Bridgeport 129-1 St Ann,U.S. House,4,UNK,Dan Debicella,18,0,0
Fairfield,Bridgeport 129-1 St Ann,U.S. House,4,DEM,Jim Himes,864,28,7
Fairfield,Bridgeport 129-1 St Ann,U.S. House,4,WF,Jim Himes,92,2,1
Fairfield,Bridgeport 129-1 St Ann,U.S. House,4,UNK,Jim Himes,18,2,0
Fairfield,Bridgeport 129-1 St Ann,State Senate,22,REP,Enrico Costatini,516,20,2
Fairfield,Bridgeport 129-1 St Ann,State Senate,22,DEM,Marilyn Moore,813,26,5
Fairfield,Bridgeport 129-1 St Ann,State Senate,22,WF,Marilyn Moore,96,2,2
Fairfield,Bridgeport 129-1 St Ann,State Senate,22,UNK,Marilyn Moore,14,0,0
Fairfield,Bridgeport 129-1 St Ann,State Assembly,129,DEM,Auden Grogins,1125,28,7
Fairfield,Bridgeport 129-1 St Ann,Secretary of State,,REP,Peter Lumaj,481,14,2
Fairfield,Bridgeport 129-1 St Ann,Secretary of State,,IND,Peter Lumaj,29,2,1
Fairfield,Bridgeport 129-1 St Ann,Secretary of State,,UNK,Peter Lumaj,0,0,0
Fairfield,Bridgeport 129-1 St Ann,Secretary of State,,DEM,Denise Merrill,774,24,6
Fairfield,Bridgeport 129-1 St Ann,Secretary of State,,WF,Denise Merrill,80,1,1
Fairfield,Bridgeport 129-1 St Ann,Secretary of State,,UNK,Denise Merrill,12,0,0
Fairfield,Bridgeport 129-1 St Ann,Secretary of State,,Green,Michael DeRosa,45,2,0
Fairfield,Bridgeport 129-1 St Ann,State Treasurer,,REP,Tim Herbst,522,14,3
Fairfield,Bridgeport 129-1 St Ann,State Treasurer,,IND,Tim Herbst,48,2,1
Fairfield,Bridgeport 129-1 St Ann,State Treasurer,,UNK,Tim Herbst,0,0,0
Fairfield,Bridgeport 129-1 St Ann,State Treasurer,,DEM,Denise Nappier,756,24,5
Fairfield,Bridgeport 129-1 St Ann,State Treasurer,,WF,Denise Nappier,77,1,1
Fairfield,Bridgeport 129-1 St Ann,State Treasurer,,UNK,Denise Nappier,12,0,0
Fairfield,Bridgeport 129-1 St Ann,Comptroller,,REP,Sharon McLaughlin,488,14,2
Fairfield,Bridgeport 129-1 St Ann,Comptroller,,IND,Sharon McLaughlin,31,1,1
Fairfield,Bridgeport 129-1 St Ann,Comptroller,,UNK,Sharon McLaughlin,0,0,0
Fairfield,Bridgeport 129-1 St Ann,Comptroller,,DEM,Kevin Lembo,753,23,5
Fairfield,Bridgeport 129-1 St Ann,Comptroller,,WF,Kevin Lembo,79,2,1
Fairfield,Bridgeport 129-1 St Ann,Comptroller,,IND,Kevin Lembo,11,0,0
Fairfield,Bridgeport 129-1 St Ann,Comptroller,,Green,Rolf Maurer,43,3,0
Fairfield,Bridgeport 129-1 St Ann,Attorney General,,REP,Kie Westby,449,13,2
Fairfield,Bridgeport 129-1 St Ann,Attorney General,,IND,Kie Westby,23,0,1
Fairfield,Bridgeport 129-1 St Ann,Attorney General,,UNK,Kie Westby,11,0,0
Fairfield,Bridgeport 129-1 St Ann,Attorney General,,DEM,George Jepsen,809,25,6
Fairfield,Bridgeport 129-1 St Ann,Attorney General,,WF,George Jepsen,79,1,1
Fairfield,Bridgeport 129-1 St Ann,Attorney General,,UNK,George Jepsen,11,0,0
Fairfield,Bridgeport 129-1 St Ann,Attorney General,,Green,Stephen Fournier,41,3,0
Fairfield,Bridgeport 129-2 Central,Governor,,REP,Thomas C. Foley,402,18,0
Fairfield,Bridgeport 129-2 Central,Governor,,IND,Thomas C. Foley,18,0,1
Fairfield,Bridgeport 129-2 Central,Governor,,UNK,Thomas C. Foley,6,1,0
Fairfield,Bridgeport 129-2 Central,Governor,,DEM,Dannel P. Malloy,790,44,12
Fairfield,Bridgeport 129-2 Central,Governor,,WF,Dannel P. Malloy,60,2,2
Fairfield,Bridgeport 129-2 Central,Governor,,UNK,Dannel P. Malloy,79,1,1
Fairfield,Bridgeport 129-2 Central,Governor,,PC,Joe Visconti,5,1,0
Fairfield,Bridgeport 129-2 Central,Governor,,write-in,Donald Gaita,2,0,0
Fairfield,Bridgeport 129-2 Central,Governor,,write-in,John Renjilian,1,0,0
Fairfield,Bridgeport 129-2 Central,Governor,,write-in,John Traceski,1,0,0
Fairfield,Bridgeport 129-2 Central,U.S. House,4,REP,Dan Debicella,343,16,0
Fairfield,Bridgeport 129-2 Central,U.S. House,4,IND,Dan Debicella,17,1,1
Fairfield,Bridgeport 129-2 Central,U.S. House,4,UNK,Dan Debicella,2,0,0
Fairfield,Bridgeport 129-2 Central,U.S. House,4,DEM,Jim Himes,822,43,11
Fairfield,Bridgeport 129-2 Central,U.S. House,4,WF,Jim Himes,75,2,3
Fairfield,Bridgeport 129-2 Central,U.S. House,4,UNK,Jim Himes,69,2,0
Fairfield,Bridgeport 129-2 Central,State Senate,22,REP,Enrico Costatini,361,14,0
Fairfield,Bridgeport 129-2 Central,State Senate,22,DEM,Marilyn Moore,803,1,11
Fairfield,Bridgeport 129-2 Central,State Senate,22,WF,Marilyn Moore,80,3,3
Fairfield,Bridgeport 129-2 Central,State Senate,22,UNK,Marilyn Moore,65,0,0
Fairfield,Bridgeport 129-2 Central,State Assembly,129,DEM,Auden Grogins,1002,57,12
Fairfield,Bridgeport 129-2 Central,Secretary of State,,REP,Peter Lumaj,365,17,0
Fairfield,Bridgeport 129-2 Central,Secretary of State,,IND,Peter Lumaj,29,0,2
Fairfield,Bridgeport 129-2 Central,Secretary of State,,UNK,Peter Lumaj,1,0,0
Fairfield,Bridgeport 129-2 Central,Secretary of State,,DEM,Denise Merrill,750,44,11
Fairfield,Bridgeport 129-2 Central,Secretary of State,,WF,Denise Merrill,61,2,1
Fairfield,Bridgeport 129-2 Central,Secretary of State,,UNK,Denise Merrill,50,0,0
Fairfield,Bridgeport 129-2 Central,Secretary of State,,Green,Michael DeRosa,23,0,1
Fairfield,Bridgeport 129-2 Central,State Treasurer,,REP,Tim Herbst,371,22,0
Fairfield,Bridgeport 129-2 Central,State Treasurer,,IND,Tim Herbst,28,0,1
Fairfield,Bridgeport 129-2 Central,State Treasurer,,UNK,Tim Herbst,0,0,0
Fairfield,Bridgeport 129-2 Central,State Treasurer,,DEM,Denise Nappier,771,39,12
Fairfield,Bridgeport 129-2 Central,State Treasurer,,WF,Denise Nappier,65,0,2
Fairfield,Bridgeport 129-2 Central,State Treasurer,,UNK,Denise Nappier,50,0,0
Fairfield,Bridgeport 129-2 Central,Comptroller,,REP,Sharon McLaughlin,348,16,1
Fairfield,Bridgeport 129-2 Central,Comptroller,,IND,Sharon McLaughlin,27,0,1
Fairfield,Bridgeport 129-2 Central,Comptroller,,UNK,Sharon McLaughlin,0,0,0
Fairfield,Bridgeport 129-2 Central,Comptroller,,DEM,Kevin Lembo,766,43,11
Fairfield,Bridgeport 129-2 Central,Comptroller,,WF,Kevin Lembo,62,3,0
Fairfield,Bridgeport 129-2 Central,Comptroller,,IND,Kevin Lembo,46,0,0
Fairfield,Bridgeport 129-2 Central,Comptroller,,Green,Rolf Maurer,15,0,2
Fairfield,Bridgeport 129-2 Central,Attorney General,,REP,Kie Westby,332,15,0
Fairfield,Bridgeport 129-2 Central,Attorney General,,IND,Kie Westby,17,1,1
Fairfield,Bridgeport 129-2 Central,Attorney General,,UNK,Kie Westby,46,0,0
Fairfield,Bridgeport 129-2 Central,Attorney General,,DEM,George Jepsen,793,44,11
Fairfield,Bridgeport 129-2 Central,Attorney General,,WF,George Jepsen,68,2,1
Fairfield,Bridgeport 129-2 Central,Attorney General,,UNK,George Jepsen,46,0,0
Fairfield,Bridgeport 129-2 Central,Attorney General,,Green,Stephen Fournier,21,0,2
Fairfield,Bridgeport 129-3 Central,Governor,,REP,Thomas C. Foley,82,4,1
Fairfield,Bridgeport 129-3 Central,Governor,,IND,Thomas C. Foley,5,1,0
Fairfield,Bridgeport 129-3 Central,Governor,,UNK,Thomas C. Foley,1,1,0
Fairfield,Bridgeport 129-3 Central,Governor,,DEM,Dannel P. Malloy,299,7,1
Fairfield,Bridgeport 129-3 Central,Governor,,WF,Dannel P. Malloy,28,4,1
Fairfield,Bridgeport 129-3 Central,Governor,,UNK,Dannel P. Malloy,33,1,0
Fairfield,Bridgeport 129-3 Central,Governor,,PC,Joe Visconti,2,0,1
Fairfield,Bridgeport 129-3 Central,U.S. House,4,REP,Dan Debicella,63,4,1
Fairfield,Bridgeport 129-3 Central,U.S. House,4,IND,Dan Debicella,9,1,0
Fairfield,Bridgeport 129-3 Central,U.S. House,4,UNK,Dan Debicella,0,0,0
Fairfield,Bridgeport 129-3 Central,U.S. House,4,DEM,Jim Himes,309,6,1
Fairfield,Bridgeport 129-3 Central,U.S. House,4,WF,Jim Himes,32,1,2
Fairfield,Bridgeport 129-3 Central,U.S. House,4,UNK,Jim Himes,21,0,0
Fairfield,Bridgeport 129-3 Central,State Senate,23,DEM,Andres Ayala,297,6,1
Fairfield,Bridgeport 129-3 Central,State Senate,23,WF,Andres Ayala,36,2,2
Fairfield,Bridgeport 129-3 Central,State Senate,23,UNK,Andres Ayala,15,0,0
Fairfield,Bridgeport 129-3 Central,State Assembly,129,DEM,Auden Grogins,338,11,2
Fairfield,Bridgeport 129-3 Central,Secretary of State,,REP,Peter Lumaj,71,2,1
Fairfield,Bridgeport 129-3 Central,Secretary of State,,IND,Peter Lumaj,6,1,0
Fairfield,Bridgeport 129-3 Central,Secretary of State,,UNK,Peter Lumaj,0,0,0
Fairfield,Bridgeport 129-3 Central,Secretary of State,,DEM,Denise Merrill,278,7,1
Fairfield,Bridgeport 129-3 Central,Secretary of State,,WF,Denise Merrill,33,1,2
Fairfield,Bridgeport 129-3 Central,Secretary of State,,UNK,Denise Merrill,14,0,0
Fairfield,Bridgeport 129-3 Central,Secretary of State,,Green,Michael DeRosa,7,1,0
Fairfield,Bridgeport 129-3 Central,State Treasurer,,REP,Tim Herbst,73,3,1
Fairfield,Bridgeport 129-3 Central,State Treasurer,,IND,Tim Herbst,7,1,0
Fairfield,Bridgeport 129-3 Central,State Treasurer,,UNK,Tim Herbst,0,0,0
Fairfield,Bridgeport 129-3 Central,State Treasurer,,DEM,Denise Nappier,290,6,1
Fairfield,Bridgeport 129-3 Central,State Treasurer,,WF,Denise Nappier,28,1,2
Fairfield,Bridgeport 129-3 Central,State Treasurer,,UNK,Denise Nappier,15,0,0
Fairfield,Bridgeport 129-3 Central,Comptroller,,REP,Sharon McLaughlin,75,3,1
Fairfield,Bridgeport 129-3 Central,Comptroller,,IND,Sharon McLaughlin,9,2,1
Fairfield,Bridgeport 129-3 Central,Comptroller,,UNK,Sharon McLaughlin,0,0,0
Fairfield,Bridgeport 129-3 Central,Comptroller,,DEM,Kevin Lembo,277,6,1
Fairfield,Bridgeport 129-3 Central,Comptroller,,WF,Kevin Lembo,29,0,1
Fairfield,Bridgeport 129-3 Central,Comptroller,,IND,Kevin Lembo,14,0,0
Fairfield,Bridgeport 129-3 Central,Comptroller,,Green,Rolf Maurer,1,1,0
Fairfield,Bridgeport 129-3 Central,Attorney General,,REP,Kie Westby,67,2,1
Fairfield,Bridgeport 129-3 Central,Attorney General,,IND,Kie Westby,5,1,0
Fairfield,Bridgeport 129-3 Central,Attorney General,,UNK,Kie Westby,14,0,0
Fairfield,Bridgeport 129-3 Central,Attorney General,,DEM,George Jepsen,286,7,2
Fairfield,Bridgeport 129-3 Central,Attorney General,,WF,George Jepsen,30,1,1
Fairfield,Bridgeport 129-3 Central,Attorney General,,UNK,George Jepsen,14,0,0
Fairfield,Bridgeport 129-3 Central,Attorney General,,Green,Stephen Fournier,7,1,0
Fairfield,Bridgeport 129-4 Aquaculture,Governor,,REP,Thomas C. Foley,96,4,0
Fairfield,Bridgeport 129-4 Aquaculture,Governor,,IND,Thomas C. Foley,10,0,0
Fairfield,Bridgeport 129-4 Aquaculture,Governor,,UNK,Thomas C. Foley,2,0,0
Fairfield,Bridgeport 129-4 Aquaculture,Governor,,DEM,Dannel P. Malloy,411,92,3
Fairfield,Bridgeport 129-4 Aquaculture,Governor,,WF,Dannel P. Malloy,21,2,1
Fairfield,Bridgeport 129-4 Aquaculture,Governor,,UNK,Dannel P. Malloy,37,2,0
Fairfield,Bridgeport 129-4 Aquaculture,Governor,,PC,Joe Visconti,3,1,0
Fairfield,Bridgeport 129-4 Aquaculture,U.S. House,4,REP,Dan Debicella,82,4,0
Fairfield,Bridgeport 129-4 Aquaculture,U.S. House,4,IND,Dan Debicella,7,0,0
Fairfield,Bridgeport 129-4 Aquaculture,U.S. House,4,UNK,Dan Debicella,0,0,0
Fairfield,Bridgeport 129-4 Aquaculture,U.S. House,4,DEM,Jim Himes,405,90,3
Fairfield,Bridgeport 129-4 Aquaculture,U.S. House,4,WF,Jim Himes,31,1,1
Fairfield,Bridgeport 129-4 Aquaculture,U.S. House,4,UNK,Jim Himes,27,2,0
Fairfield,Bridgeport 129-4 Aquaculture,State Senate,22,REP,Enrico Costatini,94,4,0
Fairfield,Bridgeport 129-4 Aquaculture,State Senate,22,DEM,Marilyn Moore,395,88,2
Fairfield,Bridgeport 129-4 Aquaculture,State Senate,22,WF,Marilyn Moore,30,1,1
Fairfield,Bridgeport 129-4 Aquaculture,State Senate,22,UNK,Marilyn Moore,23,1,0
Fairfield,Bridgeport 129-4 Aquaculture,State Assembly,129,DEM,Auden Grogins,468,89,2
Fairfield,Bridgeport 129-4 Aquaculture,Secretary of State,,REP,Peter Lumaj,87,5,1
Fairfield,Bridgeport 129-4 Aquaculture,Secretary of State,,IND,Peter Lumaj,11,0,0
Fairfield,Bridgeport 129-4 Aquaculture,Secretary of State,,UNK,Peter Lumaj,1,0,0
Fairfield,Bridgeport 129-4 Aquaculture,Secretary of State,,DEM,Denise Merrill,388,85,1
Fairfield,Bridgeport 129-4 Aquaculture,Secretary of State,,WF,Denise Merrill,22,1,1
Fairfield,Bridgeport 129-4 Aquaculture,Secretary of State,,UNK,Denise Merrill,18,1,0
Fairfield,Bridgeport 129-4 Aquaculture,Secretary of State,,Green,Michael DeRosa,5,2,0
Fairfield,Bridgeport 129-4 Aquaculture,State Treasurer,,REP,Tim Herbst,93,5,1
Fairfield,Bridgeport 129-4 Aquaculture,State Treasurer,,IND,Tim Herbst,6,0,0
Fairfield,Bridgeport 129-4 Aquaculture,State Treasurer,,UNK,Tim Herbst,0,0,0
Fairfield,Bridgeport 129-4 Aquaculture,State Treasurer,,DEM,Denise Nappier,394,86,1
Fairfield,Bridgeport 129-4 Aquaculture,State Treasurer,,WF,Denise Nappier,26,2,1
Fairfield,Bridgeport 129-4 Aquaculture,State Treasurer,,UNK,Denise Nappier,21,2,0
Fairfield,Bridgeport 129-4 Aquaculture,Comptroller,,REP,Sharon McLaughlin,85,4,1
Fairfield,Bridgeport 129-4 Aquaculture,Comptroller,,IND,Sharon McLaughlin,5,0,0
Fairfield,Bridgeport 129-4 Aquaculture,Comptroller,,UNK,Sharon McLaughlin,2,0,0
Fairfield,Bridgeport 129-4 Aquaculture,Comptroller,,DEM,Kevin Lembo,388,86,1
Fairfield,Bridgeport 129-4 Aquaculture,Comptroller,,WF,Kevin Lembo,21,2,0
Fairfield,Bridgeport 129-4 Aquaculture,Comptroller,,IND,Kevin Lembo,18,2,0
Fairfield,Bridgeport 129-4 Aquaculture,Comptroller,,Green,Rolf Maurer,8,1,0
Fairfield,Bridgeport 129-4 Aquaculture,Attorney General,,REP,Kie Westby,80,5,1
Fairfield,Bridgeport 129-4 Aquaculture,Attorney General,,IND,Kie Westby,8,0,0
Fairfield,Bridgeport 129-4 Aquaculture,Attorney General,,UNK,Kie Westby,18,1,0
Fairfield,Bridgeport 129-4 Aquaculture,Attorney General,,DEM,George Jepsen,392,85,1
Fairfield,Bridgeport 129-4 Aquaculture,Attorney General,,WF,George Jepsen,22,1,1
Fairfield,Bridgeport 129-4 Aquaculture,Attorney General,,UNK,George Jepsen,18,1,0
Fairfield,Bridgeport 129-4 Aquaculture,Attorney General,,Green,Stephen Fournier,7,1,0
Fairfield,Bridgeport 130-1 Bassic,Governor,,REP,Thomas C. Foley,63,3,2
Fairfield,Bridgeport 130-1 Bassic,Governor,,IND,Thomas C. Foley,5,0,1
Fairfield,Bridgeport 130-1 Bassic,Governor,,UNK,Thomas C. Foley,0,1,0
Fairfield,Bridgeport 130-1 Bassic,Governor,,DEM,Dannel P. Malloy,383,55,4
Fairfield,Bridgeport 130-1 Bassic,Governor,,WF,Dannel P. Malloy,25,2,2
Fairfield,Bridgeport 130-1 Bassic,Governor,,UNK,Dannel P. Malloy,47,5,1
Fairfield,Bridgeport 130-1 Bassic,Governor,,PC,Joe Visconti,0,0,0
Fairfield,Bridgeport 130-1 Bassic,U.S. House,4,REP,Dan Debicella,54,2,1
Fairfield,Bridgeport 130-1 Bassic,U.S. House,4,IND,Dan Debicella,4,0,2
Fairfield,Bridgeport 130-1 Bassic,U.S. House,4,UNK,Dan Debicella,0,0,0
Fairfield,Bridgeport 130-1 Bassic,U.S. House,4,DEM,Jim Himes,381,56,5
Fairfield,Bridgeport 130-1 Bassic,U.S. House,4,WF,Jim Himes,30,0,2
Fairfield,Bridgeport 130-1 Bassic,U.S. House,4,UNK,Jim Himes,34,2,0
Fairfield,Bridgeport 130-1 Bassic,State Senate,23,DEM,Andres Ayala,382,60,5
Fairfield,Bridgeport 130-1 Bassic,State Senate,23,WF,Andres Ayala,31,1,3
Fairfield,Bridgeport 130-1 Bassic,State Senate,23,UNK,Andres Ayala,31,1,1
Fairfield,Bridgeport 130-1 Bassic,State Assembly,130,REP,David Goodman,62,3,2
Fairfield,Bridgeport 130-1 Bassic,State Assembly,130,DEM,Ezequiel Santiago,391,53,6
Fairfield,Bridgeport 130-1 Bassic,State Assembly,130,P&P,Joel Gonzales,23,0,1
Fairfield,Bridgeport 130-1 Bassic,Secretary of State,,REP,Peter Lumaj,56,4,2
Fairfield,Bridgeport 130-1 Bassic,Secretary of State,,IND,Peter Lumaj,4,0,0
Fairfield,Bridgeport 130-1 Bassic,Secretary of State,,UNK,Peter Lumaj,0,0,0
Fairfield,Bridgeport 130-1 Bassic,Secretary of State,,DEM,Denise Merrill,358,50,4
Fairfield,Bridgeport 130-1 Bassic,Secretary of State,,WF,Denise Merrill,28,1,3
Fairfield,Bridgeport 130-1 Bassic,Secretary of State,,UNK,Denise Merrill,27,1,0
Fairfield,Bridgeport 130-1 Bassic,Secretary of State,,Green,Michael DeRosa,8,0,0
Fairfield,Bridgeport 130-1 Bassic,State Treasurer,,REP,Tim Herbst,58,3,2
Fairfield,Bridgeport 130-1 Bassic,State Treasurer,,IND,Tim Herbst,10,0,0
Fairfield,Bridgeport 130-1 Bassic,State Treasurer,,UNK,Tim Herbst,0,0,0
Fairfield,Bridgeport 130-1 Bassic,State Treasurer,,DEM,Denise Nappier,364,51,5
Fairfield,Bridgeport 130-1 Bassic,State Treasurer,,WF,Denise Nappier,27,1,3
Fairfield,Bridgeport 130-1 Bassic,State Treasurer,,UNK,Denise Nappier,28,1,0
Fairfield,Bridgeport 130-1 Bassic,Comptroller,,REP,Sharon McLaughlin,56,3,2
Fairfield,Bridgeport 130-1 Bassic,Comptroller,,IND,Sharon McLaughlin,5,0,1
Fairfield,Bridgeport 130-1 Bassic,Comptroller,,UNK,Sharon McLaughlin,0,0,0
Fairfield,Bridgeport 130-1 Bassic,Comptroller,,DEM,Kevin Lembo,364,50,4
Fairfield,Bridgeport 130-1 Bassic,Comptroller,,WF,Kevin Lembo,25,0,2
Fairfield,Bridgeport 130-1 Bassic,Comptroller,,IND,Kevin Lembo,24,0,0
Fairfield,Bridgeport 130-1 Bassic,Comptroller,,Green,Rolf Maurer,6,0,0
Fairfield,Bridgeport 130-1 Bassic,Attorney General,,REP,Kie Westby,55,3,2
Fairfield,Bridgeport 130-1 Bassic,Attorney General,,IND,Kie Westby,3,0,0
Fairfield,Bridgeport 130-1 Bassic,Attorney General,,UNK,Kie Westby,0,0,0
Fairfield,Bridgeport 130-1 Bassic,Attorney General,,DEM,George Jepsen,367,52,6
Fairfield,Bridgeport 130-1 Bassic,Attorney General,,WF,George Jepsen,26,0,2
Fairfield,Bridgeport 130-1 Bassic,Attorney General,,UNK,George Jepsen,26,0,0
Fairfield,Bridgeport 130-1 Bassic,Attorney General,,Green,Stephen Fournier,6,0,0
Fairfield,Bridgeport 130-2 Bassic,Governor,,REP,Thomas C. Foley,54,2,1
Fairfield,Bridgeport 130-2 Bassic,Governor,,IND,Thomas C. Foley,2,0,0
Fairfield,Bridgeport 130-2 Bassic,Governor,,UNK,Thomas C. Foley,1,0,0
Fairfield,Bridgeport 130-2 Bassic,Governor,,DEM,Dannel P. Malloy,235,8,8
Fairfield,Bridgeport 130-2 Bassic,Governor,,WF,Dannel P. Malloy,21,0,0
Fairfield,Bridgeport 130-2 Bassic,Governor,,UNK,Dannel P. Malloy,41,0,0
Fairfield,Bridgeport 130-2 Bassic,Governor,,PC,Joe Visconti,1,0,0
Fairfield,Bridgeport 130-2 Bassic,U.S. House,4,REP,Dan Debicella,43,2,0
Fairfield,Bridgeport 130-2 Bassic,U.S. House,4,IND,Dan Debicella,3,0,0
Fairfield,Bridgeport 130-2 Bassic,U.S. House,4,UNK,Dan Debicella,1,0,0
Fairfield,Bridgeport 130-2 Bassic,U.S. House,4,DEM,Jim Himes,245,8,8
Fairfield,Bridgeport 130-2 Bassic,U.S. House,4,WF,Jim Himes,23,0,1
Fairfield,Bridgeport 130-2 Bassic,U.S. House,4,UNK,Jim Himes,24,0,0
Fairfield,Bridgeport 130-2 Bassic,State Senate,22,REP,Enrico Costatini,41,2,1
Fairfield,Bridgeport 130-2 Bassic,State Senate,13,DEM,Marilyn Moore,235,6,8
Fairfield,Bridgeport 130-2 Bassic,State Senate,13,WF,Marilyn Moore,24,0,0
Fairfield,Bridgeport 130-2 Bassic,State Senate,13,UNK,Marilyn Moore,24,0,0
Fairfield,Bridgeport 130-2 Bassic,State Assembly,130,REP,David Goodman,39,0,0
Fairfield,Bridgeport 130-2 Bassic,State Assembly,130,DEM,Ezequiel Santiago,269,7,7
Fairfield,Bridgeport 130-2 Bassic,State Assembly,130,P&P,Joel Gonzales,17,2,1
Fairfield,Bridgeport 130-2 Bassic,Secretary of State,,REP,Peter Lumaj,37,2,0
Fairfield,Bridgeport 130-2 Bassic,Secretary of State,,IND,Peter Lumaj,3,0,0
Fairfield,Bridgeport 130-2 Bassic,Secretary of State,,UNK,Peter Lumaj,0,0,0
Fairfield,Bridgeport 130-2 Bassic,Secretary of State,,DEM,Denise Merrill,235,8,9
Fairfield,Bridgeport 130-2 Bassic,Secretary of State,,WF,Denise Merrill,22,0,0
Fairfield,Bridgeport 130-2 Bassic,Secretary of State,,UNK,Denise Merrill,20,0,0
Fairfield,Bridgeport 130-2 Bassic,Secretary of State,,Green,Michael DeRosa,3,0,0
Fairfield,Bridgeport 130-2 Bassic,State Treasurer,,REP,Tim Herbst,43,2,2
Fairfield,Bridgeport 130-2 Bassic,State Treasurer,,IND,Tim Herbst,3,0,0
Fairfield,Bridgeport 130-2 Bassic,State Treasurer,,UNK,Tim Herbst,0,0,0
Fairfield,Bridgeport 130-2 Bassic,State Treasurer,,DEM,Denise Nappier,232,8,7
Fairfield,Bridgeport 130-2 Bassic,State Treasurer,,WF,Denise Nappier,22,0,0
Fairfield,Bridgeport 130-2 Bassic,State Treasurer,,UNK,Denise Nappier,22,0,0
Fairfield,Bridgeport 130-2 Bassic,Comptroller,,REP,Sharon McLaughlin,42,2,2
Fairfield,Bridgeport 130-2 Bassic,Comptroller,,IND,Sharon McLaughlin,3,0,0
Fairfield,Bridgeport 130-2 Bassic,Comptroller,,UNK,Sharon McLaughlin,0,0,0
Fairfield,Bridgeport 130-2 Bassic,Comptroller,,DEM,Kevin Lembo,226,8,7
Fairfield,Bridgeport 130-2 Bassic,Comptroller,,WF,Kevin Lembo,21,0,0
Fairfield,Bridgeport 130-2 Bassic,Comptroller,,IND,Kevin Lembo,19,0,0
Fairfield,Bridgeport 130-2 Bassic,Comptroller,,Green,Rolf Maurer,4,0,0
Fairfield,Bridgeport 130-2 Bassic,Attorney General,,REP,Kie Westby,37,2,2
Fairfield,Bridgeport 130-2 Bassic,Attorney General,,IND,Kie Westby,3,0,0
Fairfield,Bridgeport 130-2 Bassic,Attorney General,,UNK,Kie Westby,0,0,0
Fairfield,Bridgeport 130-2 Bassic,Attorney General,,DEM,George Jepsen,232,8,7
Fairfield,Bridgeport 130-2 Bassic,Attorney General,,WF,George Jepsen,19,0,0
Fairfield,Bridgeport 130-2 Bassic,Attorney General,,UNK,George Jepsen,21,0,0
Fairfield,Bridgeport 130-2 Bassic,Attorney General,,Green,Stephen Fournier,8,0,0
Fairfield,Bridgeport 130-3 City Hall,Governor,,REP,Thomas C. Foley,39,7,4
Fairfield,Bridgeport 130-3 City Hall,Governor,,IND,Thomas C. Foley,3,0,0
Fairfield,Bridgeport 130-3 City Hall,Governor,,UNK,Thomas C. Foley,0,0,0
Fairfield,Bridgeport 130-3 City Hall,Governor,,DEM,Dannel P. Malloy,198,46,3
Fairfield,Bridgeport 130-3 City Hall,Governor,,WF,Dannel P. Malloy,19,1,2
Fairfield,Bridgeport 130-3 City Hall,Governor,,UNK,Dannel P. Malloy,21,6,0
Fairfield,Bridgeport 130-3 City Hall,Governor,,PC,Joe Visconti,2,0,0
Fairfield,Bridgeport 130-3 City Hall,Governor,,write-in,Jonathan Pelto,1,0,0
Fairfield,Bridgeport 130-3 City Hall,U.S. House,4,REP,Dan Debicella,26,3,4
Fairfield,Bridgeport 130-3 City Hall,U.S. House,4,IND,Dan Debicella,5,0,0
Fairfield,Bridgeport 130-3 City Hall,U.S. House,4,UNK,Dan Debicella,0,0,0
Fairfield,Bridgeport 130-3 City Hall,U.S. House,4,DEM,Jim Himes,196,47,3
Fairfield,Bridgeport 130-3 City Hall,U.S. House,4,WF,Jim Himes,18,2,2
Fairfield,Bridgeport 130-3 City Hall,U.S. House,4,UNK,Jim Himes,15,2,0
Fairfield,Bridgeport 130-3 City Hall,State Senate,23,DEM,Andres Ayala,201,45,3
Fairfield,Bridgeport 130-3 City Hall,State Senate,23,WF,Andres Ayala,19,1,3
Fairfield,Bridgeport 130-3 City Hall,State Senate,23,UNK,Andres Ayala,13,3,0
Fairfield,Bridgeport 130-3 City Hall,State Assembly,130,REP,David Goodman,32,3,4
Fairfield,Bridgeport 130-3 City Hall,State Assembly,130,DEM,Ezequiel Santiago,210,49,4
Fairfield,Bridgeport 130-3 City Hall,State Assembly,130,P&P,Joel Gonzales,7,1,0
Fairfield,Bridgeport 130-3 City Hall,Secretary of State,,REP,Peter Lumaj,30,6,4
Fairfield,Bridgeport 130-3 City Hall,Secretary of State,,IND,Peter Lumaj,7,0,0
Fairfield,Bridgeport 130-3 City Hall,Secretary of State,,UNK,Peter Lumaj,0,0,0
Fairfield,Bridgeport 130-3 City Hall,Secretary of State,,DEM,Denise Merrill,179,42,3
Fairfield,Bridgeport 130-3 City Hall,Secretary of State,,WF,Denise Merrill,11,2,2
Fairfield,Bridgeport 130-3 City Hall,Secretary of State,,UNK,Denise Merrill,9,0,0
Fairfield,Bridgeport 130-3 City Hall,Secretary of State,,Green,Michael DeRosa,8,0,0
Fairfield,Bridgeport 130-3 City Hall,State Treasurer,,REP,Tim Herbst,28,5,4
Fairfield,Bridgeport 130-3 City Hall,State Treasurer,,IND,Tim Herbst,8,0,0
Fairfield,Bridgeport 130-3 City Hall,State Treasurer,,UNK,Tim Herbst,0,0,0
Fairfield,Bridgeport 130-3 City Hall,State Treasurer,,DEM,Denise Nappier,185,42,2
Fairfield,Bridgeport 130-3 City Hall,State Treasurer,,WF,Denise Nappier,15,3,2
Fairfield,Bridgeport 130-3 City Hall,State Treasurer,,UNK,Denise Nappier,10,0,0
Fairfield,Bridgeport 130-3 City Hall,Comptroller,,REP,Sharon McLaughlin,31,3,4
Fairfield,Bridgeport 130-3 City Hall,Comptroller,,IND,Sharon McLaughlin,7,1,1
Fairfield,Bridgeport 130-3 City Hall,Comptroller,,UNK,Sharon McLaughlin,0,0,0
Fairfield,Bridgeport 130-3 City Hall,Comptroller,,DEM,Kevin Lembo,173,44,2
Fairfield,Bridgeport 130-3 City Hall,Comptroller,,WF,Kevin Lembo,13,0,2
Fairfield,Bridgeport 130-3 City Hall,Comptroller,,IND,Kevin Lembo,8,0,0
Fairfield,Bridgeport 130-3 City Hall,Comptroller,,Green,Rolf Maurer,6,2,0
Fairfield,Bridgeport 130-3 City Hall,Attorney General,,REP,Kie Westby,24,3,4
Fairfield,Bridgeport 130-3 City Hall,Attorney General,,IND,Kie Westby,5,0,0
Fairfield,Bridgeport 130-3 City Hall,Attorney General,,UNK,Kie Westby,0,0,0
Fairfield,Bridgeport 130-3 City Hall,Attorney General,,DEM,George Jepsen,185,42,2
Fairfield,Bridgeport 130-3 City Hall,Attorney General,,WF,George Jepsen,12,1,2
Fairfield,Bridgeport 130-3 City Hall,Attorney General,,UNK,George Jepsen,10,0,0
Fairfield,Bridgeport 130-3 City Hall,Attorney General,,Green,Stephen Fournier,6,1,0
Fairfield,Bridgeport 130-4 Batella,Governor,,REP,Thomas C. Foley,111,16,0
Fairfield,Bridgeport 130-4 Batella,Governor,,IND,Thomas C. Foley,13,0,0
Fairfield,Bridgeport 130-4 Batella,Governor,,UNK,Thomas C. Foley,3,0,0
Fairfield,Bridgeport 130-4 Batella,Governor,,DEM,Dannel P. Malloy,521,23,14
Fairfield,Bridgeport 130-4 Batella,Governor,,WF,Dannel P. Malloy,26,0,1
Fairfield,Bridgeport 130-4 Batella,Governor,,UNK,Dannel P. Malloy,63,3,3
Fairfield,Bridgeport 130-4 Batella,Governor,,PC,Joe Visconti,4,0,0
Fairfield,Bridgeport 130-4 Batella,Governor,,write-in,Jonathan Pelto,1,0,0
Fairfield,Bridgeport 130-4 Batella,U.S. House,4,REP,Dan Debicella,96,12,0
Fairfield,Bridgeport 130-4 Batella,U.S. House,4,IND,Dan Debicella,17,0,1
Fairfield,Bridgeport 130-4 Batella,U.S. House,4,UNK,Dan Debicella,0,0,0
Fairfield,Bridgeport 130-4 Batella,U.S. House,4,DEM,Jim Himes,513,28,15
Fairfield,Bridgeport 130-4 Batella,U.S. House,4,WF,Jim Himes,32,0,1
Fairfield,Bridgeport 130-4 Batella,U.S. House,4,UNK,Jim Himes,48,1,2
Fairfield,Bridgeport 130-4 Batella,State Senate,23,DEM,Andres Ayala,515,24,14
Fairfield,Bridgeport 130-4 Batella,State Senate,23,WF,Andres Ayala,43,0,0
Fairfield,Bridgeport 130-4 Batella,State Senate,23,UNK,Andres Ayala,48,2,3
Fairfield,Bridgeport 130-4 Batella,State Assembly,130,REP,David Goodman,106,13,1
Fairfield,Bridgeport 130-4 Batella,State Assembly,130,DEM,Ezequiel Santiago,539,26,15
Fairfield,Bridgeport 130-4 Batella,State Assembly,130,P&P,Joel Gonzales,29,0,1
Fairfield,Bridgeport 130-4 Batella,Secretary of State,,REP,Peter Lumaj,98,10,0
Fairfield,Bridgeport 130-4 Batella,Secretary of State,,IND,Peter Lumaj,17,0,0
Fairfield,Bridgeport 130-4 Batella,Secretary of State,,UNK,Peter Lumaj,0,0,0
Fairfield,Bridgeport 130-4 Batella,Secretary of State,,DEM,Denise Merrill,478,3,13
Fairfield,Bridgeport 130-4 Batella,Secretary of State,,WF,Denise Merrill,34,0,1
Fairfield,Bridgeport 130-4 Batella,Secretary of State,,UNK,Denise Merrill,26,1,2
Fairfield,Bridgeport 130-4 Batella,Secretary of State,,Green,Michael DeRosa,19,1,2
Fairfield,Bridgeport 130-4 Batella,State Treasurer,,REP,Tim Herbst,97,12,0
Fairfield,Bridgeport 130-4 Batella,State Treasurer,,IND,Tim Herbst,23,1,2
Fairfield,Bridgeport 130-4 Batella,State Treasurer,,UNK,Tim Herbst,0,0,0
Fairfield,Bridgeport 130-4 Batella,State Treasurer,,DEM,Denise Nappier,482,26,12
Fairfield,Bridgeport 130-4 Batella,State Treasurer,,WF,Denise Nappier,37,0,1
Fairfield,Bridgeport 130-4 Batella,State Treasurer,,UNK,Denise Nappier,23,2,2
Fairfield,Bridgeport 130-4 Batella,Comptroller,,REP,Sharon McLaughlin,94,14,0
Fairfield,Bridgeport 130-4 Batella,Comptroller,,IND,Sharon McLaughlin,22,1,1
Fairfield,Bridgeport 130-4 Batella,Comptroller,,UNK,Sharon McLaughlin,0,0,0
Fairfield,Bridgeport 130-4 Batella,Comptroller,,DEM,Kevin Lembo,479,21,13
Fairfield,Bridgeport 130-4 Batella,Comptroller,,WF,Kevin Lembo,32,0,0
Fairfield,Bridgeport 130-4 Batella,Comptroller,,IND,Kevin Lembo,24,1,2
Fairfield,Bridgeport 130-4 Batella,Comptroller,,Green,Rolf Maurer,10,0,1
Fairfield,Bridgeport 130-4 Batella,Attorney General,,REP,Kie Westby,91,11,1
Fairfield,Bridgeport 130-4 Batella,Attorney General,,IND,Kie Westby,14,0,0
Fairfield,Bridgeport 130-4 Batella,Attorney General,,UNK,Kie Westby,0,0,0
Fairfield,Bridgeport 130-4 Batella,Attorney General,,DEM,George Jepsen,488,25,11
Fairfield,Bridgeport 130-4 Batella,Attorney General,,WF,George Jepsen,30,0,2
Fairfield,Bridgeport 130-4 Batella,Attorney General,,UNK,George Jepsen,24,1,2
Fairfield,Bridgeport 130-4 Batella,Attorney General,,Green,Stephen Fournier,12,0,1
Fairfield,Bridgeport 130-5 Barnum,Governor,,REP,Thomas C. Foley,46,7,1
Fairfield,Bridgeport 130-5 Barnum,Governor,,IND,Thomas C. Foley,5,1,0
Fairfield,Bridgeport 130-5 Barnum,Governor,,UNK,Thomas C. Foley,5,1,0
Fairfield,Bridgeport 130-5 Barnum,Governor,,DEM,Dannel P. Malloy,363,47,2
Fairfield,Bridgeport 130-5 Barnum,Governor,,WF,Dannel P. Malloy,19,3,0
Fairfield,Bridgeport 130-5 Barnum,Governor,,UNK,Dannel P. Malloy,31,1,0
Fairfield,Bridgeport 130-5 Barnum,Governor,,PC,Joe Visconti,3,0,0
Fairfield,Bridgeport 130-5 Barnum,U.S. House,4,REP,Dan Debicella,33,3,0
Fairfield,Bridgeport 130-5 Barnum,U.S. House,4,IND,Dan Debicella,5,1,0
Fairfield,Bridgeport 130-5 Barnum,U.S. House,4,UNK,Dan Debicella,0,0,0
Fairfield,Bridgeport 130-5 Barnum,U.S. House,4,DEM,Jim Himes,353,42,4
Fairfield,Bridgeport 130-5 Barnum,U.S. House,4,WF,Jim Himes,24,2,0
Fairfield,Bridgeport 130-5 Barnum,U.S. House,4,UNK,Jim Himes,27,2,0
Fairfield,Bridgeport 130-5 Barnum,State Senate,23,DEM,Andres Ayala,367,45,3
Fairfield,Bridgeport 130-5 Barnum,State Senate,23,WF,Andres Ayala,27,4,0
Fairfield,Bridgeport 130-5 Barnum,State Senate,23,UNK,Andres Ayala,29,4,0
Fairfield,Bridgeport 130-5 Barnum,State Assembly,130,REP,David Goodman,35,8,0
Fairfield,Bridgeport 130-5 Barnum,State Assembly,130,DEM,Ezequiel Santiago,357,36,3
Fairfield,Bridgeport 130-5 Barnum,State Assembly,130,P&P,Joel Gonzales,11,2,0
Fairfield,Bridgeport 130-5 Barnum,Secretary of State,,REP,Peter Lumaj,38,3,0
Fairfield,Bridgeport 130-5 Barnum,Secretary of State,,IND,Peter Lumaj,7,0,0
Fairfield,Bridgeport 130-5 Barnum,Secretary of State,,UNK,Peter Lumaj,0,0,0
Fairfield,Bridgeport 130-5 Barnum,Secretary of State,,DEM,Denise Merrill,326,41,4
Fairfield,Bridgeport 130-5 Barnum,Secretary of State,,WF,Denise Merrill,18,2,0
Fairfield,Bridgeport 130-5 Barnum,Secretary of State,,UNK,Denise Merrill,14,0,0
Fairfield,Bridgeport 130-5 Barnum,Secretary of State,,Green,Michael DeRosa,3,1,0
Fairfield,Bridgeport 130-5 Barnum,State Treasurer,,REP,Tim Herbst,36,3,0
Fairfield,Bridgeport 130-5 Barnum,State Treasurer,,IND,Tim Herbst,6,0,0
Fairfield,Bridgeport 130-5 Barnum,State Treasurer,,UNK,Tim Herbst,0,0,0
Fairfield,Bridgeport 130-5 Barnum,State Treasurer,,DEM,Denise Nappier,338,41,5
Fairfield,Bridgeport 130-5 Barnum,State Treasurer,,WF,Denise Nappier,22,2,0
Fairfield,Bridgeport 130-5 Barnum,State Treasurer,,UNK,Denise Nappier,17,0,0
Fairfield,Bridgeport 130-5 Barnum,Comptroller,,REP,Sharon McLaughlin,32,4,0
Fairfield,Bridgeport 130-5 Barnum,Comptroller,,IND,Sharon McLaughlin,3,1,0
Fairfield,Bridgeport 130-5 Barnum,Comptroller,,UNK,Sharon McLaughlin,0,0,0
Fairfield,Bridgeport 130-5 Barnum,Comptroller,,DEM,Kevin Lembo,329,35,4
Fairfield,Bridgeport 130-5 Barnum,Comptroller,,WF,Kevin Lembo,19,3,0
Fairfield,Bridgeport 130-5 Barnum,Comptroller,,IND,Kevin Lembo,11,0,0
Fairfield,Bridgeport 130-5 Barnum,Comptroller,,Green,Rolf Maurer,4,1,0
Fairfield,Bridgeport 130-5 Barnum,Attorney General,,REP,Kie Westby,36,4,0
Fairfield,Bridgeport 130-5 Barnum,Attorney General,,IND,Kie Westby,2,0,0
Fairfield,Bridgeport 130-5 Barnum,Attorney General,,UNK,Kie Westby,0,0,0
Fairfield,Bridgeport 130-5 Barnum,Attorney General,,DEM,George Jepsen,335,37,4
Fairfield,Bridgeport 130-5 Barnum,Attorney General,,WF,George Jepsen,16,3,0
Fairfield,Bridgeport 130-5 Barnum,Attorney General,,UNK,George Jepsen,12,1,0
Fairfield,Bridgeport 130-5 Barnum,Attorney General,,Green,Stephen Fournier,14,0,0
Fairfield,Bridgeport City CT,Governor,,REP,Thomas C. Foley,4012,251,41
Fairfield,Bridgeport City CT,Governor,,IND,Thomas C. Foley,208,14,4
Fairfield,Bridgeport City CT,Governor,,UNK,Thomas C. Foley,90,16,0
Fairfield,Bridgeport City CT,Governor,,DEM,Dannel P. Malloy,13290,890,170
Fairfield,Bridgeport City CT,Governor,,WF,Dannel P. Malloy,1057,23,21
Fairfield,Bridgeport City CT,Governor,,UNK,Dannel P. Malloy,1357,35,20
Fairfield,Bridgeport City CT,Governor,,PC,Joe Visconti,87,6,2
Fairfield,Bridgeport City CT,Governor,,write-in,Donald Gaita,4,0,0
Fairfield,Bridgeport City CT,Governor,,write-in,Jonathan Pelto,9,0,0
Fairfield,Bridgeport City CT,Governor,,write-in,John Renjilian,1,0,0
Fairfield,Bridgeport City CT,Governor,,write-in,John Traceski,1,0,0
Fairfield,Bridgeport City CT,U.S. House,4,REP,Dan Debicella,3365,178,31
Fairfield,Bridgeport City CT,U.S. House,4,IND,Dan Debicella,233,10,6
Fairfield,Bridgeport City CT,U.S. House,4,UNK,Dan Debicella,40,0,0
Fairfield,Bridgeport City CT,U.S. House,4,DEM,Jim Himes,13439,908,176
Fairfield,Bridgeport City CT,U.S. House,4,WF,Jim Himes,1202,15,24
Fairfield,Bridgeport City CT,U.S. House,4,UNK,Jim Himes,986,42,11
Fairfield,Bridgeport City CT,State Senate,22,REP,Enrico Costatini,1290,51,6
Fairfield,Bridgeport City CT,State Senate,22,DEM,Marilyn Moore,3683,155,38
Fairfield,Bridgeport City CT,State Senate,22,WF,Marilyn Moore,451,8,8
Fairfield,Bridgeport City CT,State Senate,22,UNK,Marilyn Moore,267,5,0
Fairfield,Bridgeport City CT,State Senate,23,DEM,Andres Ayala,7120,533,93
Fairfield,Bridgeport City CT,State Senate,23,WF,Andres Ayala,636,17,15
Fairfield,Bridgeport City CT,State Senate,23,UNK,Andres Ayala,491,20,12
Fairfield,Bridgeport City CT,State Assembly,124,DEM,Andre Baker,2519,182,34
Fairfield,Bridgeport City CT,State Assembly,126,DEM,Charlie Stallworth,3529,80,36
Fairfield,Bridgeport City CT,State Assembly,127,DEM,Jack Hennessey,2572,173,29
Fairfield,Bridgeport City CT,State Assembly,127,WF,Jack Hennessey,379,3,4
Fairfield,Bridgeport City CT,State Assembly,127,UNK,Jack Hennessey,159,4,0
Fairfield,Bridgeport City CT,State Assembly,128,REP,Ethan Book,230,10,2
Fairfield,Bridgeport City CT,State Assembly,128,DEM,Christopher Rosario,1349,136,19
Fairfield,Bridgeport City CT,State Assembly,128,P&P,Angel Reyes,166,4,4
Fairfield,Bridgeport City CT,State Assembly,129,DEM,Auden Grogins,2933,185,23
Fairfield,Bridgeport City CT,State Assembly,130,REP,David Goodman,274,27,7
Fairfield,Bridgeport City CT,State Assembly,130,DEM,Ezequiel Santiago,1766,171,35
Fairfield,Bridgeport City CT,State Assembly,130,P&P,Joel Gonzales,87,5,3
Fairfield,Bridgeport City CT,Secretary of State,,REP,Peter Lumaj,3447,200,32
Fairfield,Bridgeport City CT,Secretary of State,,IND,Peter Lumaj,266,11,4
Fairfield,Bridgeport City CT,Secretary of State,,UNK,Peter Lumaj,14,0,0
Fairfield,Bridgeport City CT,Secretary of State,,DEM,Denise Merrill,12626,823,160
Fairfield,Bridgeport City CT,Secretary of State,,WF,Denise Merrill,1109,21,21
Fairfield,Bridgeport City CT,Secretary of State,,UNK,Denise Merrill,655,11,8
Fairfield,Bridgeport City CT,Secretary of State,,Green,Michael DeRosa,292,15,7
Fairfield,Bridgeport City CT,State Treasurer,,REP,Tim Herbst,3763,209,35
Fairfield,Bridgeport City CT,State Treasurer,,IND,Tim Herbst,339,8,9
Fairfield,Bridgeport City CT,State Treasurer,,UNK,Tim Herbst,11,0,5
Fairfield,Bridgeport City CT,State Treasurer,,DEM,Denise Nappier,12760,850,159
Fairfield,Bridgeport City CT,State Treasurer,,WF,Denise Nappier,1149,17,21
Fairfield,Bridgeport City CT,State Treasurer,,UNK,Denise Nappier,708,16,10
Fairfield,Bridgeport City CT,State Treasurer,,write-in,Rolf Maurer,0,0,2
Fairfield,Bridgeport City CT,Comptroller,,REP,Sharon McLaughlin,3404,184,37
Fairfield,Bridgeport City CT,Comptroller,,IND,Sharon McLaughlin,280,11,12
Fairfield,Bridgeport City CT,Comptroller,,UNK,Sharon McLaughlin,13,0,0
Fairfield,Bridgeport City CT,Comptroller,,DEM,Kevin Lembo,12525,844,149
Fairfield,Bridgeport City CT,Comptroller,,WF,Kevin Lembo,1123,19,14
Fairfield,Bridgeport City CT,Comptroller,,IND,Kevin Lembo,620,11,8
Fairfield,Bridgeport City CT,Comptroller,,Green,Rolf Maurer,209,12,4
Fairfield,Bridgeport City CT,Attorney General,,REP,Kie Westby,3155,165,38
Fairfield,Bridgeport City CT,Attorney General,,IND,Kie Westby,214,8,5
Fairfield,Bridgeport City CT,Attorney General,,UNK,Kie Westby,98,1,0
Fairfield,Bridgeport City CT,Attorney General,,DEM,George Jepsen,12893,829,153
Fairfield,Bridgeport City CT,Attorney General,,WF,George Jepsen,1117,103,20
Fairfield,Bridgeport City CT,Attorney General,,UNK,George Jepsen,635,13,8
Fairfield,Bridgeport City CT,Attorney General,,Green,Stephen Fournier,256,9,6
