county,precinct,office,district,party,candidate,poll,abs,unknown,votes
Hartford,Hartford City 01,Governor,,Rep,Thomas Foley,2,1,0,3
Hartford,Hartford City 02,Governor,,Rep,Thomas Foley,31,0,0,31
Hartford,Hartford City 03,Governor,,Rep,Thomas Foley,114,2,0,116
Hartford,Hartford City 04,Governor,,Rep,Thomas Foley,158,20,0,178
Hartford,Hartford City 05,Governor,,Rep,Thomas Foley,130,3,0,133
Hartford,Hartford City 06,Governor,,Rep,Thomas Foley,25,0,0,25
Hartford,Hartford City 07,Governor,,Rep,Thomas Foley,37,0,0,37
Hartford,Hartford City 08,Governor,,Rep,Thomas Foley,40,1,0,41
Hartford,Hartford City 09,Governor,,Rep,Thomas Foley,31,3,0,34
Hartford,Hartford City 10,Governor,,Rep,Thomas Foley,11,3,0,14
Hartford,Hartford City 11,Governor,,Rep,Thomas Foley,39,1,0,40
Hartford,Hartford City 12,Governor,,Rep,Thomas Foley,64,5,0,69
Hartford,Hartford City 13,Governor,,Rep,Thomas Foley,70,1,0,71
Hartford,Hartford City 14,Governor,,Rep,Thomas Foley,104,3,1,108
Hartford,Hartford City 15,Governor,,Rep,Thomas Foley,175,2,0,177
Hartford,Hartford City 16,Governor,,Rep,Thomas Foley,129,1,0,130
Hartford,Hartford City 17,Governor,,Rep,Thomas Foley,84,2,0,86
Hartford,Hartford City 18,Governor,,Rep,Thomas Foley,134,1,1,136
Hartford,Hartford City 19,Governor,,Rep,Thomas Foley,77,2,0,79
Hartford,Hartford City 20,Governor,,Rep,Thomas Foley,51,1,0,52
Hartford,Hartford City 21,Governor,,Rep,Thomas Foley,74,2,0,76
Hartford,Hartford City 22,Governor,,Rep,Thomas Foley,76,3,0,79
Hartford,Hartford City 23,Governor,,Rep,Thomas Foley,7,1,0,8
Hartford,Hartford City 24,Governor,,Rep,Thomas Foley,47,0,0,47
Hartford,Hartford City CT,Governor,,Rep,Thomas Foley,1710,58,2,1770
Hartford,Hartford City 01,Governor,,Ind,Thomas Foley,0,0,0,0
Hartford,Hartford City 02,Governor,,Ind,Thomas Foley,4,0,0,4
Hartford,Hartford City 03,Governor,,Ind,Thomas Foley,8,0,2,10
Hartford,Hartford City 04,Governor,,Ind,Thomas Foley,9,2,0,11
Hartford,Hartford City 05,Governor,,Ind,Thomas Foley,9,1,0,10
Hartford,Hartford City 06,Governor,,Ind,Thomas Foley,3,0,0,3
Hartford,Hartford City 07,Governor,,Ind,Thomas Foley,2,0,0,2
Hartford,Hartford City 08,Governor,,Ind,Thomas Foley,4,0,0,4
Hartford,Hartford City 09,Governor,,Ind,Thomas Foley,7,0,0,7
Hartford,Hartford City 10,Governor,,Ind,Thomas Foley,5,0,0,5
Hartford,Hartford City 11,Governor,,Ind,Thomas Foley,3,0,0,3
Hartford,Hartford City 12,Governor,,Ind,Thomas Foley,2,0,0,2
Hartford,Hartford City 13,Governor,,Ind,Thomas Foley,3,0,0,3
Hartford,Hartford City 14,Governor,,Ind,Thomas Foley,6,0,0,6
Hartford,Hartford City 15,Governor,,Ind,Thomas Foley,5,0,0,5
Hartford,Hartford City 16,Governor,,Ind,Thomas Foley,7,0,0,7
Hartford,Hartford City 17,Governor,,Ind,Thomas Foley,6,0,0,6
Hartford,Hartford City 18,Governor,,Ind,Thomas Foley,15,0,0,15
Hartford,Hartford City 19,Governor,,Ind,Thomas Foley,6,0,0,6
Hartford,Hartford City 20,Governor,,Ind,Thomas Foley,7,0,0,7
Hartford,Hartford City 21,Governor,,Ind,Thomas Foley,3,0,0,3
Hartford,Hartford City 22,Governor,,Ind,Thomas Foley,10,0,0,10
Hartford,Hartford City 23,Governor,,Ind,Thomas Foley,2,0,0,2
Hartford,Hartford City 24,Governor,,Ind,Thomas Foley,10,0,0,10
Hartford,Hartford City CT,Governor,,Ind,Thomas Foley,136,3,2,141
Hartford,Hartford City 01,Governor,,Dem,Dannel Malloy,60,2,0,62
Hartford,Hartford City 02,Governor,,Dem,Dannel Malloy,978,72,7,1057
Hartford,Hartford City 03,Governor,,Dem,Dannel Malloy,898,20,2,920
Hartford,Hartford City 04,Governor,,Dem,Dannel Malloy,543,53,1,597
Hartford,Hartford City 05,Governor,,Dem,Dannel Malloy,762,47,1,810
Hartford,Hartford City 06,Governor,,Dem,Dannel Malloy,636,30,3,669
Hartford,Hartford City 07,Governor,,Dem,Dannel Malloy,1237,38,6,1281
Hartford,Hartford City 08,Governor,,Dem,Dannel Malloy,1039,18,6,1063
Hartford,Hartford City 09,Governor,,Dem,Dannel Malloy,280,11,2,293
Hartford,Hartford City 10,Governor,,Dem,Dannel Malloy,374,105,2,481
Hartford,Hartford City 11,Governor,,Dem,Dannel Malloy,199,3,0,202
Hartford,Hartford City 12,Governor,,Dem,Dannel Malloy,642,59,0,701
Hartford,Hartford City 13,Governor,,Dem,Dannel Malloy,506,12,0,518
Hartford,Hartford City 14,Governor,,Dem,Dannel Malloy,798,30,3,831
Hartford,Hartford City 15,Governor,,Dem,Dannel Malloy,731,10,0,741
Hartford,Hartford City 16,Governor,,Dem,Dannel Malloy,795,15,0,810
Hartford,Hartford City 17,Governor,,Dem,Dannel Malloy,607,12,0,619
Hartford,Hartford City 18,Governor,,Dem,Dannel Malloy,651,4,1,656
Hartford,Hartford City 19,Governor,,Dem,Dannel Malloy,509,12,0,521
Hartford,Hartford City 20,Governor,,Dem,Dannel Malloy,407,17,5,429
Hartford,Hartford City 21,Governor,,Dem,Dannel Malloy,516,16,0,532
Hartford,Hartford City 22,Governor,,Dem,Dannel Malloy,336,13,0,349
Hartford,Hartford City 23,Governor,,Dem,Dannel Malloy,219,4,0,223
Hartford,Hartford City 24,Governor,,Dem,Dannel Malloy,1117,74,12,1203
Hartford,Hartford City CT,Governor,,Dem,Dannel Malloy,14840,677,51,15568
Hartford,Hartford City 01,Governor,,WF,Dannel Malloy,1,0,0,1
Hartford,Hartford City 02,Governor,,WF,Dannel Malloy,58,5,0,63
Hartford,Hartford City 03,Governor,,WF,Dannel Malloy,70,1,0,71
Hartford,Hartford City 04,Governor,,WF,Dannel Malloy,46,2,0,48
Hartford,Hartford City 05,Governor,,WF,Dannel Malloy,93,3,0,96
Hartford,Hartford City 06,Governor,,WF,Dannel Malloy,22,2,0,24
Hartford,Hartford City 07,Governor,,WF,Dannel Malloy,61,4,0,65
Hartford,Hartford City 08,Governor,,WF,Dannel Malloy,70,0,0,70
Hartford,Hartford City 09,Governor,,WF,Dannel Malloy,16,0,0,16
Hartford,Hartford City 10,Governor,,WF,Dannel Malloy,26,2,0,28
Hartford,Hartford City 11,Governor,,WF,Dannel Malloy,29,0,0,29
Hartford,Hartford City 12,Governor,,WF,Dannel Malloy,39,1,0,40
Hartford,Hartford City 13,Governor,,WF,Dannel Malloy,24,0,0,24
Hartford,Hartford City 14,Governor,,WF,Dannel Malloy,49,2,0,51
Hartford,Hartford City 15,Governor,,WF,Dannel Malloy,89,1,0,90
Hartford,Hartford City 16,Governor,,WF,Dannel Malloy,74,0,0,74
Hartford,Hartford City 17,Governor,,WF,Dannel Malloy,24,0,0,24
Hartford,Hartford City 18,Governor,,WF,Dannel Malloy,41,2,0,43
Hartford,Hartford City 19,Governor,,WF,Dannel Malloy,109,0,0,109
Hartford,Hartford City 20,Governor,,WF,Dannel Malloy,74,2,0,76
Hartford,Hartford City 21,Governor,,WF,Dannel Malloy,73,1,2,76
Hartford,Hartford City 22,Governor,,WF,Dannel Malloy,31,1,0,32
Hartford,Hartford City 23,Governor,,WF,Dannel Malloy,31,0,0,31
Hartford,Hartford City 24,Governor,,WF,Dannel Malloy,35,8,0,43
Hartford,Hartford City CT,Governor,,WF,Dannel Malloy,1185,37,2,1224
Hartford,Hartford City 01,Governor,,PC,Joe Visconti,1,0,,1
Hartford,Hartford City 02,Governor,,PC,Joe Visconti,0,0,,0
Hartford,Hartford City 03,Governor,,PC,Joe Visconti,8,1,,9
Hartford,Hartford City 04,Governor,,PC,Joe Visconti,4,3,,7
Hartford,Hartford City 05,Governor,,PC,Joe Visconti,8,0,,8
Hartford,Hartford City 06,Governor,,PC,Joe Visconti,1,0,,1
Hartford,Hartford City 07,Governor,,PC,Joe Visconti,3,0,,3
Hartford,Hartford City 08,Governor,,PC,Joe Visconti,3,0,,3
Hartford,Hartford City 09,Governor,,PC,Joe Visconti,1,1,,2
Hartford,Hartford City 10,Governor,,PC,Joe Visconti,1,0,,1
Hartford,Hartford City 11,Governor,,PC,Joe Visconti,2,0,,2
Hartford,Hartford City 12,Governor,,PC,Joe Visconti,1,0,,1
Hartford,Hartford City 13,Governor,,PC,Joe Visconti,4,0,,4
Hartford,Hartford City 14,Governor,,PC,Joe Visconti,3,0,,3
Hartford,Hartford City 15,Governor,,PC,Joe Visconti,6,0,,6
Hartford,Hartford City 16,Governor,,PC,Joe Visconti,10,0,,10
Hartford,Hartford City 17,Governor,,PC,Joe Visconti,7,0,,7
Hartford,Hartford City 18,Governor,,PC,Joe Visconti,0,0,,0
Hartford,Hartford City 19,Governor,,PC,Joe Visconti,3,0,,3
Hartford,Hartford City 20,Governor,,PC,Joe Visconti,0,0,,0
Hartford,Hartford City 21,Governor,,PC,Joe Visconti,4,0,,4
Hartford,Hartford City 22,Governor,,PC,Joe Visconti,3,0,,3
Hartford,Hartford City 23,Governor,,PC,Joe Visconti,0,0,,0
Hartford,Hartford City 24,Governor,,PC,Joe Visconti,7,0,,7
Hartford,Hartford City CT,Governor,,PC,Joe Visconti,80,5,,85
Hartford,Hartford City 01,U.S. House,1,Rep,Matthew Corey,2,0,,2
Hartford,Hartford City 02,U.S. House,1,Rep,Matthew Corey,26,0,,26
Hartford,Hartford City 03,U.S. House,1,Rep,Matthew Corey,92,3,,95
Hartford,Hartford City 04,U.S. House,1,Rep,Matthew Corey,118,11,,129
Hartford,Hartford City 05,U.S. House,1,Rep,Matthew Corey,107,4,,111
Hartford,Hartford City 06,U.S. House,1,Rep,Matthew Corey,16,0,,16
Hartford,Hartford City 07,U.S. House,1,Rep,Matthew Corey,26,0,,26
Hartford,Hartford City 08,U.S. House,1,Rep,Matthew Corey,34,0,,34
Hartford,Hartford City 09,U.S. House,1,Rep,Matthew Corey,26,0,,26
Hartford,Hartford City 10,U.S. House,1,Rep,Matthew Corey,10,1,,11
Hartford,Hartford City 11,U.S. House,1,Rep,Matthew Corey,34,1,,35
Hartford,Hartford City 12,U.S. House,1,Rep,Matthew Corey,42,3,,45
Hartford,Hartford City 13,U.S. House,1,Rep,Matthew Corey,54,1,,55
Hartford,Hartford City 14,U.S. House,1,Rep,Matthew Corey,61,1,,62
Hartford,Hartford City 15,U.S. House,1,Rep,Matthew Corey,122,1,,123
Hartford,Hartford City 16,U.S. House,1,Rep,Matthew Corey,103,1,,104
Hartford,Hartford City 17,U.S. House,1,Rep,Matthew Corey,61,2,,63
Hartford,Hartford City 18,U.S. House,1,Rep,Matthew Corey,104,2,,106
Hartford,Hartford City 19,U.S. House,1,Rep,Matthew Corey,52,0,,52
Hartford,Hartford City 20,U.S. House,1,Rep,Matthew Corey,39,1,,40
Hartford,Hartford City 21,U.S. House,1,Rep,Matthew Corey,60,2,,62
Hartford,Hartford City 22,U.S. House,1,Rep,Matthew Corey,70,1,,71
Hartford,Hartford City 23,U.S. House,1,Rep,Matthew Corey,7,1,,8
Hartford,Hartford City 24,U.S. House,1,Rep,Matthew Corey,38,0,,38
Hartford,Hartford City CT,U.S. House,1,Rep,Matthew Corey,1304,36,,1340
Hartford,Hartford City 01,U.S. House,1,Dem,John Larson,55,3,0,58
Hartford,Hartford City 02,U.S. House,1,Dem,John Larson,871,65,0,936
Hartford,Hartford City 03,U.S. House,1,Dem,John Larson,791,18,0,809
Hartford,Hartford City 04,U.S. House,1,Dem,John Larson,546,54,0,600
Hartford,Hartford City 05,U.S. House,1,Dem,John Larson,693,41,0,734
Hartford,Hartford City 06,U.S. House,1,Dem,John Larson,572,29,2,603
Hartford,Hartford City 07,U.S. House,1,Dem,John Larson,1144,38,1,1183
Hartford,Hartford City 08,U.S. House,1,Dem,John Larson,952,20,5,977
Hartford,Hartford City 09,U.S. House,1,Dem,John Larson,248,13,1,262
Hartford,Hartford City 10,U.S. House,1,Dem,John Larson,334,105,0,439
Hartford,Hartford City 11,U.S. House,1,Dem,John Larson,193,3,0,196
Hartford,Hartford City 12,U.S. House,1,Dem,John Larson,542,50,0,592
Hartford,Hartford City 13,U.S. House,1,Dem,John Larson,484,12,0,496
Hartford,Hartford City 14,U.S. House,1,Dem,John Larson,732,30,1,763
Hartford,Hartford City 15,U.S. House,1,Dem,John Larson,639,9,0,648
Hartford,Hartford City 16,U.S. House,1,Dem,John Larson,738,14,0,752
Hartford,Hartford City 17,U.S. House,1,Dem,John Larson,541,11,0,552
Hartford,Hartford City 18,U.S. House,1,Dem,John Larson,603,4,0,607
Hartford,Hartford City 19,U.S. House,1,Dem,John Larson,495,13,3,511
Hartford,Hartford City 20,U.S. House,1,Dem,John Larson,384,15,0,399
Hartford,Hartford City 21,U.S. House,1,Dem,John Larson,506,16,0,522
Hartford,Hartford City 22,U.S. House,1,Dem,John Larson,335,14,0,349
Hartford,Hartford City 23,U.S. House,1,Dem,John Larson,200,4,0,204
Hartford,Hartford City 24,U.S. House,1,Dem,John Larson,1046,68,7,1121
Hartford,Hartford City CT,U.S. House,1,Dem,John Larson,13644,649,20,14313
Hartford,Hartford City 01,U.S. House,1,WF,John Larson,1,0,0,1
Hartford,Hartford City 02,U.S. House,1,WF,John Larson,116,3,4,123
Hartford,Hartford City 03,U.S. House,1,WF,John Larson,123,1,2,126
Hartford,Hartford City 04,U.S. House,1,WF,John Larson,56,2,1,59
Hartford,Hartford City 05,U.S. House,1,WF,John Larson,123,3,2,128
Hartford,Hartford City 06,U.S. House,1,WF,John Larson,27,2,0,29
Hartford,Hartford City 07,U.S. House,1,WF,John Larson,72,5,0,77
Hartford,Hartford City 08,U.S. House,1,WF,John Larson,86,0,0,86
Hartford,Hartford City 09,U.S. House,1,WF,John Larson,23,0,0,23
Hartford,Hartford City 10,U.S. House,1,WF,John Larson,42,2,1,45
Hartford,Hartford City 11,U.S. House,1,WF,John Larson,24,0,0,24
Hartford,Hartford City 12,U.S. House,1,WF,John Larson,72,1,0,73
Hartford,Hartford City 13,U.S. House,1,WF,John Larson,27,0,0,27
Hartford,Hartford City 14,U.S. House,1,WF,John Larson,93,2,0,95
Hartford,Hartford City 15,U.S. House,1,WF,John Larson,166,2,0,168
Hartford,Hartford City 16,U.S. House,1,WF,John Larson,110,1,0,111
Hartford,Hartford City 17,U.S. House,1,WF,John Larson,61,1,0,62
Hartford,Hartford City 18,U.S. House,1,WF,John Larson,84,2,1,87
Hartford,Hartford City 19,U.S. House,1,WF,John Larson,67,1,0,68
Hartford,Hartford City 20,U.S. House,1,WF,John Larson,46,2,0,48
Hartford,Hartford City 21,U.S. House,1,WF,John Larson,58,0,1,59
Hartford,Hartford City 22,U.S. House,1,WF,John Larson,25,1,0,26
Hartford,Hartford City 23,U.S. House,1,WF,John Larson,18,0,0,18
Hartford,Hartford City 24,U.S. House,1,WF,John Larson,31,6,0,37
Hartford,Hartford City CT,U.S. House,1,WF,John Larson,1551,37,12,1600
Hartford,Hartford City 01,U.S. House,1,Green,Jeffery Russell,1,0,,1
Hartford,Hartford City 02,U.S. House,1,Green,Jeffery Russell,5,0,,5
Hartford,Hartford City 03,U.S. House,1,Green,Jeffery Russell,16,1,,17
Hartford,Hartford City 04,U.S. House,1,Green,Jeffery Russell,18,4,,22
Hartford,Hartford City 05,U.S. House,1,Green,Jeffery Russell,28,1,,29
Hartford,Hartford City 06,U.S. House,1,Green,Jeffery Russell,6,0,,6
Hartford,Hartford City 07,U.S. House,1,Green,Jeffery Russell,3,0,,3
Hartford,Hartford City 08,U.S. House,1,Green,Jeffery Russell,5,0,,5
Hartford,Hartford City 09,U.S. House,1,Green,Jeffery Russell,9,0,,9
Hartford,Hartford City 10,U.S. House,1,Green,Jeffery Russell,2,0,,2
Hartford,Hartford City 11,U.S. House,1,Green,Jeffery Russell,6,0,,6
Hartford,Hartford City 12,U.S. House,1,Green,Jeffery Russell,10,0,,10
Hartford,Hartford City 13,U.S. House,1,Green,Jeffery Russell,7,0,,7
Hartford,Hartford City 14,U.S. House,1,Green,Jeffery Russell,6,1,,7
Hartford,Hartford City 15,U.S. House,1,Green,Jeffery Russell,15,0,,15
Hartford,Hartford City 16,U.S. House,1,Green,Jeffery Russell,18,0,,18
Hartford,Hartford City 17,U.S. House,1,Green,Jeffery Russell,11,0,,11
Hartford,Hartford City 18,U.S. House,1,Green,Jeffery Russell,5,0,,5
Hartford,Hartford City 19,U.S. House,1,Green,Jeffery Russell,7,0,,7
Hartford,Hartford City 20,U.S. House,1,Green,Jeffery Russell,9,0,,9
Hartford,Hartford City 21,U.S. House,1,Green,Jeffery Russell,8,1,,9
Hartford,Hartford City 22,U.S. House,1,Green,Jeffery Russell,11,1,,12
Hartford,Hartford City 23,U.S. House,1,Green,Jeffery Russell,2,0,,2
Hartford,Hartford City 24,U.S. House,1,Green,Jeffery Russell,10,0,,10
Hartford,Hartford City CT,U.S. House,1,Green,Jeffery Russell,216,11,,227
Hartford,Hartford City 01,State Senate,1,Rep,Barbara Ruhe,2,0,,2
Hartford,Hartford City 10,State Senate,1,Rep,Barbara Ruhe,7,1,,8
Hartford,Hartford City 12,State Senate,1,Rep,Barbara Ruhe,45,5,,50
Hartford,Hartford City 13,State Senate,1,Rep,Barbara Ruhe,47,1,,48
Hartford,Hartford City 14,State Senate,1,Rep,Barbara Ruhe,65,1,,66
Hartford,Hartford City 15,State Senate,1,Rep,Barbara Ruhe,131,1,,132
Hartford,Hartford City 16,State Senate,1,Rep,Barbara Ruhe,105,1,,106
Hartford,Hartford City 17,State Senate,1,Rep,Barbara Ruhe,61,2,,63
Hartford,Hartford City 18,State Senate,1,Rep,Barbara Ruhe,112,2,,114
Hartford,Hartford City 19,State Senate,1,Rep,Barbara Ruhe,54,0,,54
Hartford,Hartford City 20,State Senate,1,Rep,Barbara Ruhe,43,1,,44
Hartford,Hartford City 21,State Senate,1,Rep,Barbara Ruhe,65,2,,67
Hartford,Hartford City 22,State Senate,1,Rep,Barbara Ruhe,78,2,,80
Hartford,Hartford City 23,State Senate,1,Rep,Barbara Ruhe,7,1,,8
Hartford,Hartford City CT,State Senate,1,Rep,Barbara Ruhe,822,20,0,842
Hartford,Hartford City 01,State Senate,1,Dem,John Fonfara,57,2,0,59
Hartford,Hartford City 10,State Senate,1,Dem,John Fonfara,328,106,0,434
Hartford,Hartford City 12,State Senate,1,Dem,John Fonfara,531,49,0,580
Hartford,Hartford City 13,State Senate,1,Dem,John Fonfara,460,11,0,471
Hartford,Hartford City 14,State Senate,1,Dem,John Fonfara,794,30,0,824
Hartford,Hartford City 15,State Senate,1,Dem,John Fonfara,630,10,0,640
Hartford,Hartford City 16,State Senate,1,Dem,John Fonfara,741,14,0,755
Hartford,Hartford City 17,State Senate,1,Dem,John Fonfara,536,12,0,548
Hartford,Hartford City 18,State Senate,1,Dem,John Fonfara,589,3,1,593
Hartford,Hartford City 19,State Senate,1,Dem,John Fonfara,502,13,4,519
Hartford,Hartford City 20,State Senate,1,Dem,John Fonfara,394,16,0,410
Hartford,Hartford City 21,State Senate,1,Dem,John Fonfara,488,16,0,504
Hartford,Hartford City 22,State Senate,1,Dem,John Fonfara,305,12,0,317
Hartford,Hartford City 23,State Senate,1,Dem,John Fonfara,197,4,0,201
Hartford,Hartford City CT,State Senate,1,Dem,John Fonfara,6552,298,5,6855
Hartford,Hartford City 01,State Senate,1,WF,John Fonfara,0,1,0,1
Hartford,Hartford City 10,State Senate,1,WF,John Fonfara,41,3,1,45
Hartford,Hartford City 12,State Senate,1,WF,John Fonfara,68,1,0,69
Hartford,Hartford City 13,State Senate,1,WF,John Fonfara,41,0,0,41
Hartford,Hartford City 14,State Senate,1,WF,John Fonfara,48,2,1,51
Hartford,Hartford City 15,State Senate,1,WF,John Fonfara,154,1,0,155
Hartford,Hartford City 16,State Senate,1,WF,John Fonfara,87,1,0,88
Hartford,Hartford City 17,State Senate,1,WF,John Fonfara,62,1,0,63
Hartford,Hartford City 18,State Senate,1,WF,John Fonfara,83,2,0,85
Hartford,Hartford City 19,State Senate,1,WF,John Fonfara,69,0,0,69
Hartford,Hartford City 20,State Senate,1,WF,John Fonfara,25,2,0,27
Hartford,Hartford City 21,State Senate,1,WF,John Fonfara,55,0,1,56
Hartford,Hartford City 22,State Senate,1,WF,John Fonfara,26,1,0,27
Hartford,Hartford City 23,State Senate,1,WF,John Fonfara,18,0,0,18
Hartford,Hartford City CT,State Senate,1,WF,John Fonfara,777,15,3,795
Hartford,Hartford City 01,State Senate,1,Green,Barbara Barry,1,0,,1
Hartford,Hartford City 10,State Senate,1,Green,Barbara Barry,7,,,7
Hartford,Hartford City 12,State Senate,1,Green,Barbara Barry,9,,,9
Hartford,Hartford City 13,State Senate,1,Green,Barbara Barry,5,1,,6
Hartford,Hartford City 14,State Senate,1,Green,Barbara Barry,9,,,9
Hartford,Hartford City 15,State Senate,1,Green,Barbara Barry,13,,,13
Hartford,Hartford City 16,State Senate,1,Green,Barbara Barry,21,,,21
Hartford,Hartford City 17,State Senate,1,Green,Barbara Barry,7,,,7
Hartford,Hartford City 18,State Senate,1,Green,Barbara Barry,2,,,2
Hartford,Hartford City 19,State Senate,1,Green,Barbara Barry,11,1,,12
Hartford,Hartford City 20,State Senate,1,Green,Barbara Barry,14,,,14
Hartford,Hartford City 21,State Senate,1,Green,Barbara Barry,16,,,16
Hartford,Hartford City 22,State Senate,1,Green,Barbara Barry,16,1,,17
Hartford,Hartford City 23,State Senate,1,Green,Barbara Barry,1,0,,1
Hartford,Hartford City CT,State Senate,1,Green,Barbara Barry,132,3,,135
Hartford,Hartford City 01,State Senate,1,PC,Alyssa Peterson,0,0,,0
Hartford,Hartford City 10,State Senate,1,PC,Alyssa Peterson,4,0,,4
Hartford,Hartford City 12,State Senate,1,PC,Alyssa Peterson,6,,,6
Hartford,Hartford City 13,State Senate,1,PC,Alyssa Peterson,5,,,5
Hartford,Hartford City 14,State Senate,1,PC,Alyssa Peterson,8,1,,9
Hartford,Hartford City 15,State Senate,1,PC,Alyssa Peterson,9,,,9
Hartford,Hartford City 16,State Senate,1,PC,Alyssa Peterson,14,,,14
Hartford,Hartford City 17,State Senate,1,PC,Alyssa Peterson,8,,,8
Hartford,Hartford City 18,State Senate,1,PC,Alyssa Peterson,5,,,5
Hartford,Hartford City 19,State Senate,1,PC,Alyssa Peterson,3,,,3
Hartford,Hartford City 20,State Senate,1,PC,Alyssa Peterson,3,,,3
Hartford,Hartford City 21,State Senate,1,PC,Alyssa Peterson,9,2,,11
Hartford,Hartford City 22,State Senate,1,PC,Alyssa Peterson,6,,,6
Hartford,Hartford City 23,State Senate,1,PC,Alyssa Peterson,0,,,0
Hartford,Hartford City CT,State Senate,1,PC,Alyssa Peterson,80,3,,83
Hartford,Hartford City 02,State Senate,2,Rep,Theresa Tillett,26,0,,26
Hartford,Hartford City 03,State Senate,2,Rep,Theresa Tillett,92,3,,95
Hartford,Hartford City 04,State Senate,2,Rep,Theresa Tillett,162,20,,182
Hartford,Hartford City 05,State Senate,2,Rep,Theresa Tillett,120,3,,123
Hartford,Hartford City 06,State Senate,2,Rep,Theresa Tillett,14,0,,14
Hartford,Hartford City 07,State Senate,2,Rep,Theresa Tillett,28,0,,28
Hartford,Hartford City 08,State Senate,2,Rep,Theresa Tillett,29,0,,29
Hartford,Hartford City 09,State Senate,2,Rep,Theresa Tillett,29,1,,30
Hartford,Hartford City 11,State Senate,2,Rep,Theresa Tillett,33,1,,34
Hartford,Hartford City 24,State Senate,2,Rep,Theresa Tillett,40,0,,40
Hartford,Hartford City CT,State Senate,2,Rep,Theresa Tillett,573,28,,601
Hartford,Hartford City 02,State Senate,2,Dem,Eric Coleman,871,66,0,937
Hartford,Hartford City 03,State Senate,2,Dem,Eric Coleman,803,20,2,825
Hartford,Hartford City 04,State Senate,2,Dem,Eric Coleman,494,50,0,544
Hartford,Hartford City 05,State Senate,2,Dem,Eric Coleman,682,43,0,725
Hartford,Hartford City 06,State Senate,2,Dem,Eric Coleman,551,26,1,578
Hartford,Hartford City 07,State Senate,2,Dem,Eric Coleman,1069,35,0,1104
Hartford,Hartford City 08,State Senate,2,Dem,Eric Coleman,965,20,5,990
Hartford,Hartford City 09,State Senate,2,Dem,Eric Coleman,245,10,0,255
Hartford,Hartford City 11,State Senate,2,Dem,Eric Coleman,195,3,1,199
Hartford,Hartford City 24,State Senate,2,Dem,Eric Coleman,1062,74,7,1143
Hartford,Hartford City CT,State Senate,2,Dem,Eric Coleman,6937,347,15,7299
Hartford,Hartford City 02,State Senate,2,WF,Eric Coleman,122,2,6,130
Hartford,Hartford City 03,State Senate,2,WF,Eric Coleman,129,1,0,130
Hartford,Hartford City 04,State Senate,2,WF,Eric Coleman,61,3,0,64
Hartford,Hartford City 05,State Senate,2,WF,Eric Coleman,144,4,1,149
Hartford,Hartford City 06,State Senate,2,WF,Eric Coleman,70,4,0,74
Hartford,Hartford City 07,State Senate,2,WF,Eric Coleman,168,5,5,178
Hartford,Hartford City 08,State Senate,2,WF,Eric Coleman,88,0,0,88
Hartford,Hartford City 09,State Senate,2,WF,Eric Coleman,38,0,1,39
Hartford,Hartford City 11,State Senate,2,WF,Eric Coleman,30,0,0,30
Hartford,Hartford City 24,State Senate,2,WF,Eric Coleman,42,6,0,48
Hartford,Hartford City CT,State Senate,2,WF,Eric Coleman,892,25,13,930
Hartford,Hartford City 01,State Assembly,1,Rep,Kenneth Lerman,1,0,,1
Hartford,Hartford City 02,State Assembly,1,Rep,Kenneth Lerman,25,0,,25
Hartford,Hartford City 03,State Assembly,1,Rep,Kenneth Lerman,94,3,,97
Hartford,Hartford City 04,State Assembly,1,Rep,Kenneth Lerman,93,13,,106
Hartford,Hartford City 05,State Assembly,1,Rep,Kenneth Lerman,94,5,,99
Hartford,Hartford City CT,State Assembly,1,Rep,Kenneth Lerman,307,21,,328
Hartford,Hartford City 01,State Assembly,1,Dem,Matthew Ritter,57,3,,60
Hartford,Hartford City 02,State Assembly,1,Dem,Matthew Ritter,944,69,,1013
Hartford,Hartford City 03,State Assembly,1,Dem,Matthew Ritter,895,22,,917
Hartford,Hartford City 04,State Assembly,1,Dem,Matthew Ritter,637,58,,695
Hartford,Hartford City 05,State Assembly,1,Dem,Matthew Ritter,834,47,,881
Hartford,Hartford City CT,State Assembly,1,Dem,Matthew Ritter,3367,199,,3566
Hartford,Hartford City 11,State Assembly,3,Rep,Sweets Wilson,43,1,,44
Hartford,Hartford City 12,State Assembly,3,Rep,Sweets Wilson,59,3,,62
Hartford,Hartford City 13,State Assembly,3,Rep,Sweets Wilson,44,1,,45
Hartford,Hartford City 14,State Assembly,3,Rep,Sweets Wilson,77,2,,79
Hartford,Hartford City CT,State Assembly,3,Rep,Sweets Wilson,223,7,,230
Hartford,Hartford City 11,State Assembly,3,Dem,Minnie Gonzalez,189,3,,192
Hartford,Hartford City 12,State Assembly,3,Dem,Minnie Gonzalez,604,54,,658
Hartford,Hartford City 13,State Assembly,3,Dem,Minnie Gonzalez,501,12,,513
Hartford,Hartford City 14,State Assembly,3,Dem,Minnie Gonzalez,778,30,,808
Hartford,Hartford City CT,State Assembly,3,Dem,Minnie Gonzalez,2072,99,,2171
Hartford,Hartford City 11,State Assembly,3,Green,Victor Luna,15,0,,15
Hartford,Hartford City 12,State Assembly,3,Green,Victor Luna,32,3,,35
Hartford,Hartford City 13,State Assembly,3,Green,Victor Luna,32,1,,33
Hartford,Hartford City 14,State Assembly,3,Green,Victor Luna,41,2,,43
Hartford,Hartford City CT,State Assembly,3,Green,Victor Luna,120,6,,126
Hartford,Hartford City 19,State Assembly,4,Dem,Angel Arce,547,18,,565
Hartford,Hartford City 20,State Assembly,4,Dem,Angel Arce,428,20,,448
Hartford,Hartford City 21,State Assembly,4,Dem,Angel Arce,547,18,,565
Hartford,Hartford City 22,State Assembly,4,Dem,Angel Arce,360,15,,375
Hartford,Hartford City CT,State Assembly,4,Dem,Angel Arce,1882,71,,1953
Hartford,Hartford City 23,State Assembly,5,Dem,Brandon McGee,221,5,,226
Hartford,Hartford City 24,State Assembly,5,Dem,Brandon McGee,1075,79,,1154
Hartford,Hartford City CT,State Assembly,5,Dem,Brandon McGee,1296,84,,1380
Hartford,Hartford City 15,State Assembly,6,Rep,Michael Lupo,127,1,,128
Hartford,Hartford City 16,State Assembly,6,Rep,Michael Lupo,128,1,,129
Hartford,Hartford City 17,State Assembly,6,Rep,Michael Lupo,72,3,,75
Hartford,Hartford City 18,State Assembly,6,Rep,Michael Lupo,117,2,,119
Hartford,Hartford City CT,State Assembly,6,Rep,Michael Lupo,444,7,,451
Hartford,Hartford City 15,State Assembly,6,Dem,Edwin Vargas,710,9,0,719
Hartford,Hartford City 16,State Assembly,6,Dem,Edwin Vargas,708,14,0,722
Hartford,Hartford City 17,State Assembly,6,Dem,Edwin Vargas,582,11,1,594
Hartford,Hartford City 18,State Assembly,6,Dem,Edwin Vargas,609,4,1,614
Hartford,Hartford City CT,State Assembly,6,Dem,Edwin Vargas,2609,38,2,2649
Hartford,Hartford City 15,State Assembly,6,WF,Edwin Vargas,119,2,0,121
Hartford,Hartford City 16,State Assembly,6,WF,Edwin Vargas,141,1,0,142
Hartford,Hartford City 17,State Assembly,6,WF,Edwin Vargas,39,1,0,40
Hartford,Hartford City 18,State Assembly,6,WF,Edwin Vargas,58,4,0,62
Hartford,Hartford City CT,State Assembly,6,WF,Edwin Vargas,357,8,0,365
Hartford,Hartford City 06,State Assembly,7,Dem,Douglas McCrory,583,33,,616
Hartford,Hartford City 07,State Assembly,7,Dem,Douglas McCrory,1177,49,,1226
Hartford,Hartford City 08,State Assembly,7,Dem,Douglas McCrory,998,24,,1022
Hartford,Hartford City 09,State Assembly,7,Dem,Douglas McCrory,263,13,,276
Hartford,Hartford City 10,State Assembly,7,Dem,Douglas McCrory,349,104,,453
Hartford,Hartford City CT,State Assembly,7,Dem,Douglas McCrory,3370,223,,3593
Hartford,Hartford City 06,State Assembly,7,Green,Donna Thompson-Daniel,19,0,,19
Hartford,Hartford City 07,State Assembly,7,Green,Donna Thompson-Daniel,21,0,,21
Hartford,Hartford City 08,State Assembly,7,Green,Donna Thompson-Daniel,32,0,,32
Hartford,Hartford City 09,State Assembly,7,Green,Donna Thompson-Daniel,24,1,,25
Hartford,Hartford City 10,State Assembly,7,Green,Donna Thompson-Daniel,15,1,,16
Hartford,Hartford City CT,State Assembly,7,Green,Donna Thompson-Daniel,111,2,,113
Hartford,Hartford City 01,Secretary of State,,Rep,Peter Lumaj,2,0,,2
Hartford,Hartford City 02,Secretary of State,,Rep,Peter Lumaj,24,0,,24
Hartford,Hartford City 03,Secretary of State,,Rep,Peter Lumaj,95,4,,99
Hartford,Hartford City 04,Secretary of State,,Rep,Peter Lumaj,128,13,,141
Hartford,Hartford City 05,Secretary of State,,Rep,Peter Lumaj,118,4,,122
Hartford,Hartford City 06,Secretary of State,,Rep,Peter Lumaj,11,0,,11
Hartford,Hartford City 07,Secretary of State,,Rep,Peter Lumaj,26,0,,26
Hartford,Hartford City 08,Secretary of State,,Rep,Peter Lumaj,30,1,,31
Hartford,Hartford City 09,Secretary of State,,Rep,Peter Lumaj,24,1,,25
Hartford,Hartford City 10,Secretary of State,,Rep,Peter Lumaj,8,1,,9
Hartford,Hartford City 11,Secretary of State,,Rep,Peter Lumaj,28,1,,29
Hartford,Hartford City 12,Secretary of State,,Rep,Peter Lumaj,42,0,,42
Hartford,Hartford City 13,Secretary of State,,Rep,Peter Lumaj,51,1,,52
Hartford,Hartford City 14,Secretary of State,,Rep,Peter Lumaj,69,1,,70
Hartford,Hartford City 15,Secretary of State,,Rep,Peter Lumaj,141,1,,142
Hartford,Hartford City 16,Secretary of State,,Rep,Peter Lumaj,120,1,,121
Hartford,Hartford City 17,Secretary of State,,Rep,Peter Lumaj,74,3,,77
Hartford,Hartford City 18,Secretary of State,,Rep,Peter Lumaj,110,1,,111
Hartford,Hartford City 19,Secretary of State,,Rep,Peter Lumaj,54,0,,54
Hartford,Hartford City 20,Secretary of State,,Rep,Peter Lumaj,37,1,,38
Hartford,Hartford City 21,Secretary of State,,Rep,Peter Lumaj,66,2,,68
Hartford,Hartford City 22,Secretary of State,,Rep,Peter Lumaj,74,3,,77
Hartford,Hartford City 23,Secretary of State,,Rep,Peter Lumaj,7,1,,8
Hartford,Hartford City 24,Secretary of State,,Rep,Peter Lumaj,31,1,,32
Hartford,Hartford City CT,Secretary of State,,Rep,Peter Lumaj,1370,41,,1411
Hartford,Hartford City 01,Secretary of State,,Ind,Peter Lumaj,2,0,0,2
Hartford,Hartford City 02,Secretary of State,,Ind,Peter Lumaj,4,0,0,4
Hartford,Hartford City 03,Secretary of State,,Ind,Peter Lumaj,11,0,0,11
Hartford,Hartford City 04,Secretary of State,,Ind,Peter Lumaj,11,3,0,14
Hartford,Hartford City 05,Secretary of State,,Ind,Peter Lumaj,15,0,0,15
Hartford,Hartford City 06,Secretary of State,,Ind,Peter Lumaj,5,0,0,5
Hartford,Hartford City 07,Secretary of State,,Ind,Peter Lumaj,6,0,0,6
Hartford,Hartford City 08,Secretary of State,,Ind,Peter Lumaj,4,0,0,4
Hartford,Hartford City 09,Secretary of State,,Ind,Peter Lumaj,6,0,1,7
Hartford,Hartford City 10,Secretary of State,,Ind,Peter Lumaj,3,0,0,3
Hartford,Hartford City 11,Secretary of State,,Ind,Peter Lumaj,6,0,0,6
Hartford,Hartford City 12,Secretary of State,,Ind,Peter Lumaj,5,0,0,5
Hartford,Hartford City 13,Secretary of State,,Ind,Peter Lumaj,12,0,0,12
Hartford,Hartford City 14,Secretary of State,,Ind,Peter Lumaj,8,1,0,9
Hartford,Hartford City 15,Secretary of State,,Ind,Peter Lumaj,13,0,0,13
Hartford,Hartford City 16,Secretary of State,,Ind,Peter Lumaj,9,0,0,9
Hartford,Hartford City 17,Secretary of State,,Ind,Peter Lumaj,11,0,0,11
Hartford,Hartford City 18,Secretary of State,,Ind,Peter Lumaj,11,0,1,12
Hartford,Hartford City 19,Secretary of State,,Ind,Peter Lumaj,8,0,0,8
Hartford,Hartford City 20,Secretary of State,,Ind,Peter Lumaj,10,0,0,10
Hartford,Hartford City 21,Secretary of State,,Ind,Peter Lumaj,10,1,0,11
Hartford,Hartford City 22,Secretary of State,,Ind,Peter Lumaj,6,0,0,6
Hartford,Hartford City 23,Secretary of State,,Ind,Peter Lumaj,1,0,0,1
Hartford,Hartford City 24,Secretary of State,,Ind,Peter Lumaj,11,0,0,11
Hartford,Hartford City CT,Secretary of State,,Ind,Peter Lumaj,188,5,2,195
Hartford,Hartford City 01,Secretary of State,,Dem,Denise Merrill,52,3,0,55
Hartford,Hartford City 02,Secretary of State,,Dem,Denise Merrill,900,67,1,968
Hartford,Hartford City 03,Secretary of State,,Dem,Denise Merrill,806,18,2,826
Hartford,Hartford City 04,Secretary of State,,Dem,Denise Merrill,527,50,0,577
Hartford,Hartford City 05,Secretary of State,,Dem,Denise Merrill,681,42,0,723
Hartford,Hartford City 06,Secretary of State,,Dem,Denise Merrill,554,27,1,582
Hartford,Hartford City 07,Secretary of State,,Dem,Denise Merrill,1040,34,0,1074
Hartford,Hartford City 08,Secretary of State,,Dem,Denise Merrill,919,18,4,941
Hartford,Hartford City 09,Secretary of State,,Dem,Denise Merrill,232,12,0,244
Hartford,Hartford City 10,Secretary of State,,Dem,Denise Merrill,340,102,1,443
Hartford,Hartford City 11,Secretary of State,,Dem,Denise Merrill,196,3,0,199
Hartford,Hartford City 12,Secretary of State,,Dem,Denise Merrill,521,51,0,572
Hartford,Hartford City 13,Secretary of State,,Dem,Denise Merrill,464,12,0,476
Hartford,Hartford City 14,Secretary of State,,Dem,Denise Merrill,767,29,1,797
Hartford,Hartford City 15,Secretary of State,,Dem,Denise Merrill,611,10,0,621
Hartford,Hartford City 16,Secretary of State,,Dem,Denise Merrill,691,15,0,706
Hartford,Hartford City 17,Secretary of State,,Dem,Denise Merrill,511,11,0,522
Hartford,Hartford City 18,Secretary of State,,Dem,Denise Merrill,572,4,0,576
Hartford,Hartford City 19,Secretary of State,,Dem,Denise Merrill,501,14,0,515
Hartford,Hartford City 20,Secretary of State,,Dem,Denise Merrill,384,15,0,399
Hartford,Hartford City 21,Secretary of State,,Dem,Denise Merrill,502,15,1,518
Hartford,Hartford City 22,Secretary of State,,Dem,Denise Merrill,313,11,0,324
Hartford,Hartford City 23,Secretary of State,,Dem,Denise Merrill,205,4,0,209
Hartford,Hartford City 24,Secretary of State,,Dem,Denise Merrill,1024,65,6,1095
Hartford,Hartford City CT,Secretary of State,,Dem,Denise Merrill,13313,632,17,13962
Hartford,Hartford City 01,Secretary of State,,WF,Denise Merrill,5,0,0,5
Hartford,Hartford City 02,Secretary of State,,WF,Denise Merrill,58,3,0,61
Hartford,Hartford City 03,Secretary of State,,WF,Denise Merrill,83,1,0,84
Hartford,Hartford City 04,Secretary of State,,WF,Denise Merrill,48,4,0,52
Hartford,Hartford City 05,Secretary of State,,WF,Denise Merrill,89,2,0,91
Hartford,Hartford City 06,Secretary of State,,WF,Denise Merrill,26,3,0,29
Hartford,Hartford City 07,Secretary of State,,WF,Denise Merrill,137,5,2,144
Hartford,Hartford City 08,Secretary of State,,WF,Denise Merrill,76,0,0,76
Hartford,Hartford City 09,Secretary of State,,WF,Denise Merrill,29,0,1,30
Hartford,Hartford City 10,Secretary of State,,WF,Denise Merrill,31,2,0,33
Hartford,Hartford City 11,Secretary of State,,WF,Denise Merrill,21,0,0,21
Hartford,Hartford City 12,Secretary of State,,WF,Denise Merrill,63,1,0,64
Hartford,Hartford City 13,Secretary of State,,WF,Denise Merrill,20,1,0,21
Hartford,Hartford City 14,Secretary of State,,WF,Denise Merrill,44,2,0,46
Hartford,Hartford City 15,Secretary of State,,WF,Denise Merrill,144,1,0,145
Hartford,Hartford City 16,Secretary of State,,WF,Denise Merrill,100,0,0,100
Hartford,Hartford City 17,Secretary of State,,WF,Denise Merrill,56,1,0,57
Hartford,Hartford City 18,Secretary of State,,WF,Denise Merrill,74,2,1,77
Hartford,Hartford City 19,Secretary of State,,WF,Denise Merrill,41,1,3,45
Hartford,Hartford City 20,Secretary of State,,WF,Denise Merrill,26,2,0,28
Hartford,Hartford City 21,Secretary of State,,WF,Denise Merrill,32,0,0,32
Hartford,Hartford City 22,Secretary of State,,WF,Denise Merrill,18,1,0,19
Hartford,Hartford City 23,Secretary of State,,WF,Denise Merrill,9,0,0,9
Hartford,Hartford City 24,Secretary of State,,WF,Denise Merrill,31,4,0,35
Hartford,Hartford City CT,Secretary of State,,WF,Denise Merrill,1261,36,7,1304
Hartford,Hartford City 01,Secretary of State,,Green,Michael DeRosa,0,0,,0
Hartford,Hartford City 02,Secretary of State,,Green,Michael DeRosa,7,0,,7
Hartford,Hartford City 03,Secretary of State,,Green,Michael DeRosa,27,0,,27
Hartford,Hartford City 04,Secretary of State,,Green,Michael DeRosa,26,1,,27
Hartford,Hartford City 05,Secretary of State,,Green,Michael DeRosa,36,2,,38
Hartford,Hartford City 06,Secretary of State,,Green,Michael DeRosa,3,0,,3
Hartford,Hartford City 07,Secretary of State,,Green,Michael DeRosa,2,1,,3
Hartford,Hartford City 08,Secretary of State,,Green,Michael DeRosa,10,0,,10
Hartford,Hartford City 09,Secretary of State,,Green,Michael DeRosa,11,2,,13
Hartford,Hartford City 10,Secretary of State,,Green,Michael DeRosa,2,1,,3
Hartford,Hartford City 11,Secretary of State,,Green,Michael DeRosa,8,0,,8
Hartford,Hartford City 12,Secretary of State,,Green,Michael DeRosa,10,2,,12
Hartford,Hartford City 13,Secretary of State,,Green,Michael DeRosa,9,0,,9
Hartford,Hartford City 14,Secretary of State,,Green,Michael DeRosa,12,1,,13
Hartford,Hartford City 15,Secretary of State,,Green,Michael DeRosa,17,0,,17
Hartford,Hartford City 16,Secretary of State,,Green,Michael DeRosa,27,0,,27
Hartford,Hartford City 17,Secretary of State,,Green,Michael DeRosa,19,0,,19
Hartford,Hartford City 18,Secretary of State,,Green,Michael DeRosa,12,0,,12
Hartford,Hartford City 19,Secretary of State,,Green,Michael DeRosa,15,0,,15
Hartford,Hartford City 20,Secretary of State,,Green,Michael DeRosa,19,0,,19
Hartford,Hartford City 21,Secretary of State,,Green,Michael DeRosa,20,2,,22
Hartford,Hartford City 22,Secretary of State,,Green,Michael DeRosa,19,1,,20
Hartford,Hartford City 23,Secretary of State,,Green,Michael DeRosa,2,0,,2
Hartford,Hartford City 24,Secretary of State,,Green,Michael DeRosa,13,0,,13
Hartford,Hartford City CT,Secretary of State,,Green,Michael DeRosa,326,13,,339
Hartford,Hartford City 01,State Treasurer,,Rep,Tim Herbst,0,0,,0
Hartford,Hartford City 02,State Treasurer,,Rep,Tim Herbst,24,0,,24
Hartford,Hartford City 03,State Treasurer,,Rep,Tim Herbst,101,3,,104
Hartford,Hartford City 04,State Treasurer,,Rep,Tim Herbst,203,21,,224
Hartford,Hartford City 05,State Treasurer,,Rep,Tim Herbst,149,3,,152
Hartford,Hartford City 06,State Treasurer,,Rep,Tim Herbst,11,0,,11
Hartford,Hartford City 07,State Treasurer,,Rep,Tim Herbst,27,0,,27
Hartford,Hartford City 08,State Treasurer,,Rep,Tim Herbst,24,1,,25
Hartford,Hartford City 09,State Treasurer,,Rep,Tim Herbst,34,2,,36
Hartford,Hartford City 10,State Treasurer,,Rep,Tim Herbst,10,2,,12
Hartford,Hartford City 11,State Treasurer,,Rep,Tim Herbst,42,2,,44
Hartford,Hartford City 12,State Treasurer,,Rep,Tim Herbst,38,3,,41
Hartford,Hartford City 13,State Treasurer,,Rep,Tim Herbst,53,1,,54
Hartford,Hartford City 14,State Treasurer,,Rep,Tim Herbst,73,2,,75
Hartford,Hartford City 15,State Treasurer,,Rep,Tim Herbst,145,1,,146
Hartford,Hartford City 16,State Treasurer,,Rep,Tim Herbst,138,3,,141
Hartford,Hartford City 17,State Treasurer,,Rep,Tim Herbst,63,3,,66
Hartford,Hartford City 18,State Treasurer,,Rep,Tim Herbst,121,1,,122
Hartford,Hartford City 19,State Treasurer,,Rep,Tim Herbst,53,0,,53
Hartford,Hartford City 20,State Treasurer,,Rep,Tim Herbst,38,1,,39
Hartford,Hartford City 21,State Treasurer,,Rep,Tim Herbst,82,2,,84
Hartford,Hartford City 22,State Treasurer,,Rep,Tim Herbst,106,3,,109
Hartford,Hartford City 23,State Treasurer,,Rep,Tim Herbst,6,1,,7
Hartford,Hartford City 24,State Treasurer,,Rep,Tim Herbst,26,0,,26
Hartford,Hartford City CT,State Treasurer,,Rep,Tim Herbst,1567,55,,1622
Hartford,Hartford City 01,State Treasurer,,Ind,Tim Herbst,1,0,0,1
Hartford,Hartford City 02,State Treasurer,,Ind,Tim Herbst,2,0,0,2
Hartford,Hartford City 03,State Treasurer,,Ind,Tim Herbst,27,1,0,28
Hartford,Hartford City 04,State Treasurer,,Ind,Tim Herbst,35,5,0,40
Hartford,Hartford City 05,State Treasurer,,Ind,Tim Herbst,30,1,0,31
Hartford,Hartford City 06,State Treasurer,,Ind,Tim Herbst,6,0,0,6
Hartford,Hartford City 07,State Treasurer,,Ind,Tim Herbst,6,0,0,6
Hartford,Hartford City 08,State Treasurer,,Ind,Tim Herbst,5,0,0,5
Hartford,Hartford City 09,State Treasurer,,Ind,Tim Herbst,8,0,0,8
Hartford,Hartford City 10,State Treasurer,,Ind,Tim Herbst,3,0,0,3
Hartford,Hartford City 11,State Treasurer,,Ind,Tim Herbst,8,0,0,8
Hartford,Hartford City 12,State Treasurer,,Ind,Tim Herbst,10,1,0,11
Hartford,Hartford City 13,State Treasurer,,Ind,Tim Herbst,12,0,0,12
Hartford,Hartford City 14,State Treasurer,,Ind,Tim Herbst,16,2,0,18
Hartford,Hartford City 15,State Treasurer,,Ind,Tim Herbst,18,0,0,18
Hartford,Hartford City 16,State Treasurer,,Ind,Tim Herbst,15,0,0,15
Hartford,Hartford City 17,State Treasurer,,Ind,Tim Herbst,12,0,0,12
Hartford,Hartford City 18,State Treasurer,,Ind,Tim Herbst,12,0,1,13
Hartford,Hartford City 19,State Treasurer,,Ind,Tim Herbst,9,0,0,9
Hartford,Hartford City 20,State Treasurer,,Ind,Tim Herbst,16,0,0,16
Hartford,Hartford City 21,State Treasurer,,Ind,Tim Herbst,10,0,0,10
Hartford,Hartford City 22,State Treasurer,,Ind,Tim Herbst,15,0,0,15
Hartford,Hartford City 23,State Treasurer,,Ind,Tim Herbst,1,0,0,1
Hartford,Hartford City 24,State Treasurer,,Ind,Tim Herbst,13,0,0,13
Hartford,Hartford City CT,State Treasurer,,Ind,Tim Herbst,290,10,1,301
Hartford,Hartford City 01,State Treasurer,,Dem,Denise Nappier,60,2,0,62
Hartford,Hartford City 02,State Treasurer,,Dem,Denise Nappier,937,71,4,1012
Hartford,Hartford City 03,State Treasurer,,Dem,Denise Nappier,833,19,2,854
Hartford,Hartford City 04,State Treasurer,,Dem,Denise Nappier,436,45,0,481
Hartford,Hartford City 05,State Treasurer,,Dem,Denise Nappier,677,42,1,720
Hartford,Hartford City 06,State Treasurer,,Dem,Denise Nappier,598,30,2,630
Hartford,Hartford City 07,State Treasurer,,Dem,Denise Nappier,1068,40,0,1108
Hartford,Hartford City 08,State Treasurer,,Dem,Denise Nappier,881,19,0,900
Hartford,Hartford City 09,State Treasurer,,Dem,Denise Nappier,240,12,0,252
Hartford,Hartford City 10,State Treasurer,,Dem,Denise Nappier,332,101,0,433
Hartford,Hartford City 11,State Treasurer,,Dem,Denise Nappier,192,2,0,194
Hartford,Hartford City 12,State Treasurer,,Dem,Denise Nappier,561,49,0,610
Hartford,Hartford City 13,State Treasurer,,Dem,Denise Nappier,468,13,0,481
Hartford,Hartford City 14,State Treasurer,,Dem,Denise Nappier,751,29,1,781
Hartford,Hartford City 15,State Treasurer,,Dem,Denise Nappier,672,10,0,682
Hartford,Hartford City 16,State Treasurer,,Dem,Denise Nappier,710,12,1,723
Hartford,Hartford City 17,State Treasurer,,Dem,Denise Nappier,555,11,0,566
Hartford,Hartford City 18,State Treasurer,,Dem,Denise Nappier,607,4,1,612
Hartford,Hartford City 19,State Treasurer,,Dem,Denise Nappier,489,14,0,503
Hartford,Hartford City 20,State Treasurer,,Dem,Denise Nappier,377,15,0,392
Hartford,Hartford City 21,State Treasurer,,Dem,Denise Nappier,484,16,0,500
Hartford,Hartford City 22,State Treasurer,,Dem,Denise Nappier,284,13,0,297
Hartford,Hartford City 23,State Treasurer,,Dem,Denise Nappier,197,4,0,201
Hartford,Hartford City 24,State Treasurer,,Dem,Denise Nappier,1076,72,6,1154
Hartford,Hartford City CT,State Treasurer,,Dem,Denise Nappier,13485,645,18,14148
Hartford,Hartford City 01,State Treasurer,,WF,Denise Nappier,2,1,0,3
Hartford,Hartford City 02,State Treasurer,,WF,Denise Nappier,62,2,0,64
Hartford,Hartford City 03,State Treasurer,,WF,Denise Nappier,89,1,0,90
Hartford,Hartford City 04,State Treasurer,,WF,Denise Nappier,52,2,0,54
Hartford,Hartford City 05,State Treasurer,,WF,Denise Nappier,99,3,0,102
Hartford,Hartford City 06,State Treasurer,,WF,Denise Nappier,31,3,0,34
Hartford,Hartford City 07,State Treasurer,,WF,Denise Nappier,177,6,2,185
Hartford,Hartford City 08,State Treasurer,,WF,Denise Nappier,182,0,5,187
Hartford,Hartford City 09,State Treasurer,,WF,Denise Nappier,30,1,0,31
Hartford,Hartford City 10,State Treasurer,,WF,Denise Nappier,47,3,2,52
Hartford,Hartford City 11,State Treasurer,,WF,Denise Nappier,20,0,0,20
Hartford,Hartford City 12,State Treasurer,,WF,Denise Nappier,45,2,0,47
Hartford,Hartford City 13,State Treasurer,,WF,Denise Nappier,23,0,0,23
Hartford,Hartford City 14,State Treasurer,,WF,Denise Nappier,85,1,0,86
Hartford,Hartford City 15,State Treasurer,,WF,Denise Nappier,101,1,0,102
Hartford,Hartford City 16,State Treasurer,,WF,Denise Nappier,89,0,0,89
Hartford,Hartford City 17,State Treasurer,,WF,Denise Nappier,36,1,0,37
Hartford,Hartford City 18,State Treasurer,,WF,Denise Nappier,47,2,0,49
Hartford,Hartford City 19,State Treasurer,,WF,Denise Nappier,82,0,5,87
Hartford,Hartford City 20,State Treasurer,,WF,Denise Nappier,43,2,0,45
Hartford,Hartford City 21,State Treasurer,,WF,Denise Nappier,55,1,1,57
Hartford,Hartford City 22,State Treasurer,,WF,Denise Nappier,29,1,0,30
Hartford,Hartford City 23,State Treasurer,,WF,Denise Nappier,24,0,0,24
Hartford,Hartford City 24,State Treasurer,,WF,Denise Nappier,40,6,1,47
Hartford,Hartford City CT,State Treasurer,,WF,Denise Nappier,1490,39,16,1545
Hartford,Hartford City 01,Comptroller,,Rep,Sharon McLaughlin,1,0,,1
Hartford,Hartford City 02,Comptroller,,Rep,Sharon McLaughlin,25,0,,25
Hartford,Hartford City 03,Comptroller,,Rep,Sharon McLaughlin,95,3,,98
Hartford,Hartford City 04,Comptroller,,Rep,Sharon McLaughlin,117,15,,132
Hartford,Hartford City 05,Comptroller,,Rep,Sharon McLaughlin,98,5,,103
Hartford,Hartford City 06,Comptroller,,Rep,Sharon McLaughlin,12,0,,12
Hartford,Hartford City 07,Comptroller,,Rep,Sharon McLaughlin,28,0,,28
Hartford,Hartford City 08,Comptroller,,Rep,Sharon McLaughlin,31,0,,31
Hartford,Hartford City 09,Comptroller,,Rep,Sharon McLaughlin,24,0,,24
Hartford,Hartford City 10,Comptroller,,Rep,Sharon McLaughlin,8,1,,9
Hartford,Hartford City 11,Comptroller,,Rep,Sharon McLaughlin,30,1,,31
Hartford,Hartford City 12,Comptroller,,Rep,Sharon McLaughlin,45,1,,46
Hartford,Hartford City 13,Comptroller,,Rep,Sharon McLaughlin,47,1,,48
Hartford,Hartford City 14,Comptroller,,Rep,Sharon McLaughlin,60,1,,61
Hartford,Hartford City 15,Comptroller,,Rep,Sharon McLaughlin,126,1,,127
Hartford,Hartford City 16,Comptroller,,Rep,Sharon McLaughlin,105,0,,105
Hartford,Hartford City 17,Comptroller,,Rep,Sharon McLaughlin,66,3,,69
Hartford,Hartford City 18,Comptroller,,Rep,Sharon McLaughlin,107,1,,108
Hartford,Hartford City 19,Comptroller,,Rep,Sharon McLaughlin,48,0,,48
Hartford,Hartford City 20,Comptroller,,Rep,Sharon McLaughlin,38,1,,39
Hartford,Hartford City 21,Comptroller,,Rep,Sharon McLaughlin,61,3,,64
Hartford,Hartford City 22,Comptroller,,Rep,Sharon McLaughlin,70,4,,74
Hartford,Hartford City 23,Comptroller,,Rep,Sharon McLaughlin,6,1,,7
Hartford,Hartford City 24,Comptroller,,Rep,Sharon McLaughlin,25,1,,26
Hartford,Hartford City CT,Comptroller,,Rep,Sharon McLaughlin,1273,43,,1316
Hartford,Hartford City 01,Comptroller,,Ind,Sharon McLaughlin,1,0,0,1
Hartford,Hartford City 02,Comptroller,,Ind,Sharon McLaughlin,4,0,0,4
Hartford,Hartford City 03,Comptroller,,Ind,Sharon McLaughlin,18,0,0,18
Hartford,Hartford City 04,Comptroller,,Ind,Sharon McLaughlin,7,0,0,7
Hartford,Hartford City 05,Comptroller,,Ind,Sharon McLaughlin,20,0,0,20
Hartford,Hartford City 06,Comptroller,,Ind,Sharon McLaughlin,7,0,0,7
Hartford,Hartford City 07,Comptroller,,Ind,Sharon McLaughlin,4,0,0,4
Hartford,Hartford City 08,Comptroller,,Ind,Sharon McLaughlin,6,0,0,6
Hartford,Hartford City 09,Comptroller,,Ind,Sharon McLaughlin,5,0,0,5
Hartford,Hartford City 10,Comptroller,,Ind,Sharon McLaughlin,7,0,0,7
Hartford,Hartford City 11,Comptroller,,Ind,Sharon McLaughlin,4,0,0,4
Hartford,Hartford City 12,Comptroller,,Ind,Sharon McLaughlin,9,0,0,9
Hartford,Hartford City 13,Comptroller,,Ind,Sharon McLaughlin,3,0,0,3
Hartford,Hartford City 14,Comptroller,,Ind,Sharon McLaughlin,13,1,0,14
Hartford,Hartford City 15,Comptroller,,Ind,Sharon McLaughlin,14,0,0,14
Hartford,Hartford City 16,Comptroller,,Ind,Sharon McLaughlin,8,0,0,8
Hartford,Hartford City 17,Comptroller,,Ind,Sharon McLaughlin,6,0,0,6
Hartford,Hartford City 18,Comptroller,,Ind,Sharon McLaughlin,6,0,1,7
Hartford,Hartford City 19,Comptroller,,Ind,Sharon McLaughlin,11,0,0,11
Hartford,Hartford City 20,Comptroller,,Ind,Sharon McLaughlin,17,0,0,17
Hartford,Hartford City 21,Comptroller,,Ind,Sharon McLaughlin,8,0,0,8
Hartford,Hartford City 22,Comptroller,,Ind,Sharon McLaughlin,7,0,0,7
Hartford,Hartford City 23,Comptroller,,Ind,Sharon McLaughlin,3,0,0,3
Hartford,Hartford City 24,Comptroller,,Ind,Sharon McLaughlin,17,0,0,17
Hartford,Hartford City CT,Comptroller,,Ind,Sharon McLaughlin,205,1,1,207
Hartford,Hartford City 01,Comptroller,,Dem,Kevin Lembo,56,3,0,59
Hartford,Hartford City 02,Comptroller,,Dem,Kevin Lembo,900,64,1,965
Hartford,Hartford City 03,Comptroller,,Dem,Kevin Lembo,804,19,0,823
Hartford,Hartford City 04,Comptroller,,Dem,Kevin Lembo,537,50,0,587
Hartford,Hartford City 05,Comptroller,,Dem,Kevin Lembo,697,40,0,737
Hartford,Hartford City 06,Comptroller,,Dem,Kevin Lembo,547,25,0,572
Hartford,Hartford City 07,Comptroller,,Dem,Kevin Lembo,1079,36,1,1116
Hartford,Hartford City 08,Comptroller,,Dem,Kevin Lembo,902,18,4,924
Hartford,Hartford City 09,Comptroller,,Dem,Kevin Lembo,243,13,1,257
Hartford,Hartford City 10,Comptroller,,Dem,Kevin Lembo,325,103,0,428
Hartford,Hartford City 11,Comptroller,,Dem,Kevin Lembo,196,3,0,199
Hartford,Hartford City 12,Comptroller,,Dem,Kevin Lembo,526,48,0,574
Hartford,Hartford City 13,Comptroller,,Dem,Kevin Lembo,468,12,0,480
Hartford,Hartford City 14,Comptroller,,Dem,Kevin Lembo,708,30,1,739
Hartford,Hartford City 15,Comptroller,,Dem,Kevin Lembo,666,9,0,675
Hartford,Hartford City 16,Comptroller,,Dem,Kevin Lembo,719,15,0,734
Hartford,Hartford City 17,Comptroller,,Dem,Kevin Lembo,546,11,0,557
Hartford,Hartford City 18,Comptroller,,Dem,Kevin Lembo,607,4,1,612
Hartford,Hartford City 19,Comptroller,,Dem,Kevin Lembo,496,14,4,514
Hartford,Hartford City 20,Comptroller,,Dem,Kevin Lembo,375,15,0,390
Hartford,Hartford City 21,Comptroller,,Dem,Kevin Lembo,511,16,1,528
Hartford,Hartford City 22,Comptroller,,Dem,Kevin Lembo,317,10,0,327
Hartford,Hartford City 23,Comptroller,,Dem,Kevin Lembo,206,4,0,210
Hartford,Hartford City 24,Comptroller,,Dem,Kevin Lembo,1019,65,5,1089
Hartford,Hartford City CT,Comptroller,,Dem,Kevin Lembo,13450,627,19,14096
Hartford,Hartford City 01,Comptroller,,WF,Kevin Lembo,1,0,0,1
Hartford,Hartford City 02,Comptroller,,WF,Kevin Lembo,58,1,0,59
Hartford,Hartford City 03,Comptroller,,WF,Kevin Lembo,74,1,2,77
Hartford,Hartford City 04,Comptroller,,WF,Kevin Lembo,48,2,0,50
Hartford,Hartford City 05,Comptroller,,WF,Kevin Lembo,98,3,0,101
Hartford,Hartford City 06,Comptroller,,WF,Kevin Lembo,20,3,1,24
Hartford,Hartford City 07,Comptroller,,WF,Kevin Lembo,73,5,0,78
Hartford,Hartford City 08,Comptroller,,WF,Kevin Lembo,69,1,0,70
Hartford,Hartford City 09,Comptroller,,WF,Kevin Lembo,20,0,0,20
Hartford,Hartford City 10,Comptroller,,WF,Kevin Lembo,40,2,2,44
Hartford,Hartford City 11,Comptroller,,WF,Kevin Lembo,19,0,0,19
Hartford,Hartford City 12,Comptroller,,WF,Kevin Lembo,57,0,0,57
Hartford,Hartford City 13,Comptroller,,WF,Kevin Lembo,20,0,0,20
Hartford,Hartford City 14,Comptroller,,WF,Kevin Lembo,66,1,0,67
Hartford,Hartford City 15,Comptroller,,WF,Kevin Lembo,90,2,0,92
Hartford,Hartford City 16,Comptroller,,WF,Kevin Lembo,89,1,0,90
Hartford,Hartford City 17,Comptroller,,WF,Kevin Lembo,29,1,0,30
Hartford,Hartford City 18,Comptroller,,WF,Kevin Lembo,45,2,0,47
Hartford,Hartford City 19,Comptroller,,WF,Kevin Lembo,35,0,0,35
Hartford,Hartford City 20,Comptroller,,WF,Kevin Lembo,21,2,0,23
Hartford,Hartford City 21,Comptroller,,WF,Kevin Lembo,29,0,0,29
Hartford,Hartford City 22,Comptroller,,WF,Kevin Lembo,21,0,0,21
Hartford,Hartford City 23,Comptroller,,WF,Kevin Lembo,6,0,0,6
Hartford,Hartford City 24,Comptroller,,WF,Kevin Lembo,26,4,0,30
Hartford,Hartford City CT,Comptroller,,WF,Kevin Lembo,1054,31,5,1090
Hartford,Hartford City 01,Comptroller,,Green,Rolf Maurer,0,0,,0
Hartford,Hartford City 02,Comptroller,,Green,Rolf Maurer,4,0,,4
Hartford,Hartford City 03,Comptroller,,Green,Rolf Maurer,14,0,,14
Hartford,Hartford City 04,Comptroller,,Green,Rolf Maurer,18,1,,19
Hartford,Hartford City 05,Comptroller,,Green,Rolf Maurer,24,2,,26
Hartford,Hartford City 06,Comptroller,,Green,Rolf Maurer,5,0,,5
Hartford,Hartford City 07,Comptroller,,Green,Rolf Maurer,3,0,,3
Hartford,Hartford City 08,Comptroller,,Green,Rolf Maurer,4,0,,4
Hartford,Hartford City 09,Comptroller,,Green,Rolf Maurer,7,1,,8
Hartford,Hartford City 10,Comptroller,,Green,Rolf Maurer,3,0,,3
Hartford,Hartford City 11,Comptroller,,Green,Rolf Maurer,4,0,,4
Hartford,Hartford City 12,Comptroller,,Green,Rolf Maurer,8,1,,9
Hartford,Hartford City 13,Comptroller,,Green,Rolf Maurer,10,0,,10
Hartford,Hartford City 14,Comptroller,,Green,Rolf Maurer,8,0,,8
Hartford,Hartford City 15,Comptroller,,Green,Rolf Maurer,12,0,,12
Hartford,Hartford City 16,Comptroller,,Green,Rolf Maurer,9,0,,9
Hartford,Hartford City 17,Comptroller,,Green,Rolf Maurer,8,0,,8
Hartford,Hartford City 18,Comptroller,,Green,Rolf Maurer,2,0,,2
Hartford,Hartford City 19,Comptroller,,Green,Rolf Maurer,9,0,,9
Hartford,Hartford City 20,Comptroller,,Green,Rolf Maurer,8,0,,8
Hartford,Hartford City 21,Comptroller,,Green,Rolf Maurer,12,0,,12
Hartford,Hartford City 22,Comptroller,,Green,Rolf Maurer,11,1,,12
Hartford,Hartford City 23,Comptroller,,Green,Rolf Maurer,0,0,,0
Hartford,Hartford City 24,Comptroller,,Green,Rolf Maurer,6,0,,6
Hartford,Hartford City CT,Comptroller,,Green,Rolf Maurer,189,7,,196
Hartford,Hartford City 01,Attorney General,,Rep,Kie Westby,1,0,,1
Hartford,Hartford City 02,Attorney General,,Rep,Kie Westby,21,0,,21
Hartford,Hartford City 03,Attorney General,,Rep,Kie Westby,90,4,,94
Hartford,Hartford City 04,Attorney General,,Rep,Kie Westby,95,8,,103
Hartford,Hartford City 05,Attorney General,,Rep,Kie Westby,85,3,,88
Hartford,Hartford City 06,Attorney General,,Rep,Kie Westby,10,0,,10
Hartford,Hartford City 07,Attorney General,,Rep,Kie Westby,27,0,,27
Hartford,Hartford City 08,Attorney General,,Rep,Kie Westby,27,0,,27
Hartford,Hartford City 09,Attorney General,,Rep,Kie Westby,19,0,,19
Hartford,Hartford City 10,Attorney General,,Rep,Kie Westby,5,1,,6
Hartford,Hartford City 11,Attorney General,,Rep,Kie Westby,23,1,,24
Hartford,Hartford City 12,Attorney General,,Rep,Kie Westby,39,3,,42
Hartford,Hartford City 13,Attorney General,,Rep,Kie Westby,44,1,,45
Hartford,Hartford City 14,Attorney General,,Rep,Kie Westby,57,1,,58
Hartford,Hartford City 15,Attorney General,,Rep,Kie Westby,107,1,,108
Hartford,Hartford City 16,Attorney General,,Rep,Kie Westby,90,0,,90
Hartford,Hartford City 17,Attorney General,,Rep,Kie Westby,55,3,,58
Hartford,Hartford City 18,Attorney General,,Rep,Kie Westby,92,1,,93
Hartford,Hartford City 19,Attorney General,,Rep,Kie Westby,43,0,,43
Hartford,Hartford City 20,Attorney General,,Rep,Kie Westby,37,1,,38
Hartford,Hartford City 21,Attorney General,,Rep,Kie Westby,54,2,,56
Hartford,Hartford City 22,Attorney General,,Rep,Kie Westby,48,2,,50
Hartford,Hartford City 23,Attorney General,,Rep,Kie Westby,7,1,,8
Hartford,Hartford City 24,Attorney General,,Rep,Kie Westby,23,0,,23
Hartford,Hartford City CT,Attorney General,,Rep,Kie Westby,1099,33,,1132
Hartford,Hartford City 01,Attorney General,,Ind,Kie Westby,0,0,0,0
Hartford,Hartford City 02,Attorney General,,Ind,Kie Westby,4,0,0,4
Hartford,Hartford City 03,Attorney General,,Ind,Kie Westby,15,0,0,15
Hartford,Hartford City 04,Attorney General,,Ind,Kie Westby,3,1,0,4
Hartford,Hartford City 05,Attorney General,,Ind,Kie Westby,14,0,0,14
Hartford,Hartford City 06,Attorney General,,Ind,Kie Westby,5,0,0,5
Hartford,Hartford City 07,Attorney General,,Ind,Kie Westby,4,1,1,6
Hartford,Hartford City 08,Attorney General,,Ind,Kie Westby,1,0,0,1
Hartford,Hartford City 09,Attorney General,,Ind,Kie Westby,5,0,0,5
Hartford,Hartford City 10,Attorney General,,Ind,Kie Westby,2,0,0,2
Hartford,Hartford City 11,Attorney General,,Ind,Kie Westby,8,0,0,8
Hartford,Hartford City 12,Attorney General,,Ind,Kie Westby,4,0,0,4
Hartford,Hartford City 13,Attorney General,,Ind,Kie Westby,3,0,0,3
Hartford,Hartford City 14,Attorney General,,Ind,Kie Westby,6,0,0,6
Hartford,Hartford City 15,Attorney General,,Ind,Kie Westby,12,0,0,12
Hartford,Hartford City 16,Attorney General,,Ind,Kie Westby,2,0,0,2
Hartford,Hartford City 17,Attorney General,,Ind,Kie Westby,7,0,0,7
Hartford,Hartford City 18,Attorney General,,Ind,Kie Westby,7,0,1,8
Hartford,Hartford City 19,Attorney General,,Ind,Kie Westby,8,0,0,8
Hartford,Hartford City 20,Attorney General,,Ind,Kie Westby,10,0,0,10
Hartford,Hartford City 21,Attorney General,,Ind,Kie Westby,8,1,1,10
Hartford,Hartford City 22,Attorney General,,Ind,Kie Westby,6,0,0,6
Hartford,Hartford City 23,Attorney General,,Ind,Kie Westby,1,0,0,1
Hartford,Hartford City 24,Attorney General,,Ind,Kie Westby,9,0,0,9
Hartford,Hartford City CT,Attorney General,,Ind,Kie Westby,144,3,3,150
Hartford,Hartford City 01,Attorney General,,Dem,George Jepsen,56,3,0,59
Hartford,Hartford City 02,Attorney General,,Dem,George Jepsen,904,63,0,967
Hartford,Hartford City 03,Attorney General,,Dem,George Jepsen,795,18,2,815
Hartford,Hartford City 04,Attorney General,,Dem,George Jepsen,561,56,0,617
Hartford,Hartford City 05,Attorney General,,Dem,George Jepsen,678,42,0,720
Hartford,Hartford City 06,Attorney General,,Dem,George Jepsen,550,23,0,573
Hartford,Hartford City 07,Attorney General,,Dem,George Jepsen,1021,36,0,1057
Hartford,Hartford City 08,Attorney General,,Dem,George Jepsen,850,20,0,870
Hartford,Hartford City 09,Attorney General,,Dem,George Jepsen,242,12,0,254
Hartford,Hartford City 10,Attorney General,,Dem,George Jepsen,339,101,1,441
Hartford,Hartford City 11,Attorney General,,Dem,George Jepsen,197,3,0,200
Hartford,Hartford City 12,Attorney General,,Dem,George Jepsen,541,50,0,591
Hartford,Hartford City 13,Attorney General,,Dem,George Jepsen,470,13,0,483
Hartford,Hartford City 14,Attorney General,,Dem,George Jepsen,736,29,1,766
Hartford,Hartford City 15,Attorney General,,Dem,George Jepsen,633,10,0,643
Hartford,Hartford City 16,Attorney General,,Dem,George Jepsen,719,15,0,734
Hartford,Hartford City 17,Attorney General,,Dem,George Jepsen,526,11,0,537
Hartford,Hartford City 18,Attorney General,,Dem,George Jepsen,591,4,0,595
Hartford,Hartford City 19,Attorney General,,Dem,George Jepsen,486,14,0,500
Hartford,Hartford City 20,Attorney General,,Dem,George Jepsen,368,15,0,383
Hartford,Hartford City 21,Attorney General,,Dem,George Jepsen,499,15,0,514
Hartford,Hartford City 22,Attorney General,,Dem,George Jepsen,329,13,0,342
Hartford,Hartford City 23,Attorney General,,Dem,George Jepsen,196,4,0,200
Hartford,Hartford City 24,Attorney General,,Dem,George Jepsen,1021,64,5,1090
Hartford,Hartford City CT,Attorney General,,Dem,George Jepsen,13308,634,9,13951
Hartford,Hartford City 01,Attorney General,,WF,George Jepsen,2,0,0,2
Hartford,Hartford City 02,Attorney General,,WF,George Jepsen,60,1,2,63
Hartford,Hartford City 03,Attorney General,,WF,George Jepsen,103,1,0,104
Hartford,Hartford City 04,Attorney General,,WF,George Jepsen,48,2,0,50
Hartford,Hartford City 05,Attorney General,,WF,George Jepsen,124,3,0,127
Hartford,Hartford City 06,Attorney General,,WF,George Jepsen,30,3,1,34
Hartford,Hartford City 07,Attorney General,,WF,George Jepsen,138,4,1,143
Hartford,Hartford City 08,Attorney General,,WF,George Jepsen,150,0,4,154
Hartford,Hartford City 09,Attorney General,,WF,George Jepsen,29,0,1,30
Hartford,Hartford City 10,Attorney General,,WF,George Jepsen,33,2,0,35
Hartford,Hartford City 11,Attorney General,,WF,George Jepsen,21,0,0,21
Hartford,Hartford City 12,Attorney General,,WF,George Jepsen,41,1,0,42
Hartford,Hartford City 13,Attorney General,,WF,George Jepsen,19,0,0,19
Hartford,Hartford City 14,Attorney General,,WF,George Jepsen,50,2,0,52
Hartford,Hartford City 15,Attorney General,,WF,George Jepsen,187,1,0,188
Hartford,Hartford City 16,Attorney General,,WF,George Jepsen,113,1,0,114
Hartford,Hartford City 17,Attorney General,,WF,George Jepsen,55,1,0,56
Hartford,Hartford City 18,Attorney General,,WF,George Jepsen,75,2,1,78
Hartford,Hartford City 19,Attorney General,,WF,George Jepsen,60,0,4,64
Hartford,Hartford City 20,Attorney General,,WF,George Jepsen,32,2,0,34
Hartford,Hartford City 21,Attorney General,,WF,George Jepsen,51,0,1,52
Hartford,Hartford City 22,Attorney General,,WF,George Jepsen,23,0,0,23
Hartford,Hartford City 23,Attorney General,,WF,George Jepsen,17,0,0,17
Hartford,Hartford City 24,Attorney General,,WF,George Jepsen,31,5,0,36
Hartford,Hartford City CT,Attorney General,,WF,George Jepsen,1492,31,15,1538
Hartford,Hartford City 01,Attorney General,,Green,Stephen Fournier,0,0,,0
Hartford,Hartford City 02,Attorney General,,Green,Stephen Fournier,4,0,,4
Hartford,Hartford City 03,Attorney General,,Green,Stephen Fournier,25,0,,25
Hartford,Hartford City 04,Attorney General,,Green,Stephen Fournier,32,5,,37
Hartford,Hartford City 05,Attorney General,,Green,Stephen Fournier,43,3,,46
Hartford,Hartford City 06,Attorney General,,Green,Stephen Fournier,3,0,,3
Hartford,Hartford City 07,Attorney General,,Green,Stephen Fournier,7,0,,7
Hartford,Hartford City 08,Attorney General,,Green,Stephen Fournier,5,0,,5
Hartford,Hartford City 09,Attorney General,,Green,Stephen Fournier,7,3,,10
Hartford,Hartford City 10,Attorney General,,Green,Stephen Fournier,4,0,,4
Hartford,Hartford City 11,Attorney General,,Green,Stephen Fournier,8,0,,8
Hartford,Hartford City 12,Attorney General,,Green,Stephen Fournier,14,1,,15
Hartford,Hartford City 13,Attorney General,,Green,Stephen Fournier,9,0,,9
Hartford,Hartford City 14,Attorney General,,Green,Stephen Fournier,11,0,,11
Hartford,Hartford City 15,Attorney General,,Green,Stephen Fournier,16,0,,16
Hartford,Hartford City 16,Attorney General,,Green,Stephen Fournier,22,0,,22
Hartford,Hartford City 17,Attorney General,,Green,Stephen Fournier,13,0,,13
Hartford,Hartford City 18,Attorney General,,Green,Stephen Fournier,5,0,,5
Hartford,Hartford City 19,Attorney General,,Green,Stephen Fournier,9,0,,9
Hartford,Hartford City 20,Attorney General,,Green,Stephen Fournier,11,0,,11
Hartford,Hartford City 21,Attorney General,,Green,Stephen Fournier,17,0,,17
Hartford,Hartford City 22,Attorney General,,Green,Stephen Fournier,12,1,,13
Hartford,Hartford City 23,Attorney General,,Green,Stephen Fournier,2,0,,2
Hartford,Hartford City 24,Attorney General,,Green,Stephen Fournier,8,0,,8
Hartford,Hartford City CT,Attorney General,,Green,Stephen Fournier,287,13,,300
Hartford,Hartford City CT,Governor,,Rep,Thomas Foley,1710,58,2,1770
Hartford,Hartford City CT,Governor,,Ind,Thomas Foley,136,3,2,141
Hartford,Hartford City CT,Governor,,Dem,Dannel Malloy,14840,677,51,15568
Hartford,Hartford City CT,Governor,,WF,Dannel Malloy,1185,37,2,1224
Hartford,Hartford City CT,Governor,,PC,Joe Visconti,80,5,,85
Hartford,Hartford City CT,U.S. House,1,Rep,Matthew Corey,1304,36,,1340
Hartford,Hartford City CT,U.S. House,1,Dem,John Larson,13644,649,20,14313
Hartford,Hartford City CT,U.S. House,1,WF,John Larson,1551,37,12,1600
Hartford,Hartford City CT,U.S. House,1,Green,Jeffery Russell,216,11,,227
Hartford,Hartford City CT,State Senate,1,Rep,Barbara Ruhe,822,20,,842
Hartford,Hartford City CT,State Senate,1,Dem,John Fonfara,6552,298,5,6855
Hartford,Hartford City CT,State Senate,1,WF,John Fonfara,777,15,3,795
Hartford,Hartford City CT,State Senate,1,Green,Barbara Barry,132,3,,135
Hartford,Hartford City CT,State Senate,1,PC,Alyssa Peterson,80,3,,83
Hartford,Hartford City CT,State Senate,2,Rep,Theresa Tillett,573,28,,601
Hartford,Hartford City CT,State Senate,2,Dem,Eric Coleman,6937,347,15,7299
Hartford,Hartford City CT,State Senate,2,WF,Eric Coleman,892,25,13,930
Hartford,Hartford City CT,State Representative,1,Rep,Kenneth Lerman,307,21,,328
Hartford,Hartford City CT,State Representative,1,Dem,Matthew Ritter,3367,199,,3566
Hartford,Hartford City CT,State Representative,3,Rep,Sweets Wilson,223,7,,230
Hartford,Hartford City CT,State Representative,3,Dem,Minnie Gonzalez,2072,99,,2171
Hartford,Hartford City CT,State Representative,3,PC,Victor Luna,120,6,,126
Hartford,Hartford City CT,State Representative,4,Dem,Angel Arce,1882,71,,1953
Hartford,Hartford City CT,State Representative,5,Dem,Brandon McGee,1296,84,,1380
Hartford,Hartford City CT,State Representative,6,Rep,Michael Lupo,444,7,,451
Hartford,Hartford City CT,State Representative,6,Dem,Edwin Vargas,2609,38,2,2649
Hartford,Hartford City CT,State Representative,6,WF,Edwin Vargas,357,8,0,365
Hartford,Hartford City CT,State Representative,7,Dem,Douglas McCrory,3370,223,,3593
Hartford,Hartford City CT,State Representative,7,PC,Donna Thompson-Daniel,111,2,,113
Hartford,Hartford City CT,Secretary of State,,Rep,Peter Lumaj,1370,41,0,1411
Hartford,Hartford City CT,Secretary of State,,Ind,Peter Lumaj,188,5,2,195
Hartford,Hartford City CT,Secretary of State,,Dem,Denise Merrill,13313,632,17,13962
Hartford,Hartford City CT,Secretary of State,,WF,Denise Merrill,1261,36,7,1304
Hartford,Hartford City CT,Secretary of State,,Green,Michael DeRosa,326,13,,339
Hartford,Hartford City CT,State Treasurer,,Rep,Tim Herbst,1567,55,0,1622
Hartford,Hartford City CT,State Treasurer,,Ind,Tim Herbst,290,10,1,301
Hartford,Hartford City CT,State Treasurer,,Dem,Denise Nappier,13485,645,18,14148
Hartford,Hartford City CT,State Treasurer,,WF,Denise Nappier,1490,39,16,1545
Hartford,Hartford City CT,Comptroller,,Rep,Sharon McLaughlin,1273,43,0,1316
Hartford,Hartford City CT,Comptroller,,Ind,Sharon McLaughlin,205,1,1,207
Hartford,Hartford City CT,Comptroller,,Dem,Kevin Lembo,13450,627,19,14096
Hartford,Hartford City CT,Comptroller,,WF,Kevin Lembo,1054,31,5,1090
Hartford,Hartford City CT,Comptroller,,Green,Rolf Maurer,189,7,,196
Hartford,Hartford City CT,Attorney General,,Rep,Kie Westby,1099,33,0,1132
Hartford,Hartford City CT,Attorney General,,Ind,Kie Westby,144,3,3,150
Hartford,Hartford City CT,Attorney General,,Dem,George Jepsen,13308,634,15,13957
Hartford,Hartford City CT,Attorney General,,WF,George Jepsen,1492,31,9,1532
Hartford,Hartford City CT,Attorney General,,Green,Stephen Fournier,287,13,,300