county,town,office,district,party,candidate,votes
Tolland,Andover,President,,Republican,Alan Keyes,7
New Haven,Ansonia,President,,Republican,Alan Keyes,24
Windham,Ashford,President,,Republican,Alan Keyes,17
Hartford,Avon,President,,Republican,Alan Keyes,48
Litchfield,Barkhamsted,President,,Republican,Alan Keyes,12
New Haven,Beacon Falls,President,,Republican,Alan Keyes,8
Hartford,Berlin,President,,Republican,Alan Keyes,28
New Haven,Bethany,President,,Republican,Alan Keyes,19
Fairfield,Bethel,President,,Republican,Alan Keyes,35
Litchfield,Bethlehem,President,,Republican,Alan Keyes,14
Hartford,Bloomfield,President,,Republican,Alan Keyes,34
Tolland,Bolton,President,,Republican,Alan Keyes,14
New London,Bozrah,President,,Republican,Alan Keyes,7
New Haven,Branford,President,,Republican,Alan Keyes,39
Fairfield,Bridgeport,President,,Republican,Alan Keyes,43
Litchfield,Bridgewater,President,,Republican,Alan Keyes,4
Hartford,Bristol,President,,Republican,Alan Keyes,53
Fairfield,Brookfield,President,,Republican,Alan Keyes,88
Windham,Brooklyn,President,,Republican,Alan Keyes,19
Hartford,Burlington,President,,Republican,Alan Keyes,17
Litchfield,Canaan,President,,Republican,Alan Keyes,9
Windham,Canterbury,President,,Republican,Alan Keyes,11
Hartford,Canton,President,,Republican,Alan Keyes,17
Windham,Chaplin,President,,Republican,Alan Keyes,12
New Haven,Cheshire,President,,Republican,Alan Keyes,79
Middlesex,Chester,President,,Republican,Alan Keyes,7
Middlesex,Clinton,President,,Republican,Alan Keyes,27
New London,Colchester,President,,Republican,Alan Keyes,17
Litchfield,Colebrook,President,,Republican,Alan Keyes,9
Tolland,Columbia,President,,Republican,Alan Keyes,6
Litchfield,Cornwall,President,,Republican,Alan Keyes,0
Tolland,Coventry,President,,Republican,Alan Keyes,25
Middlesex,Cromwell,President,,Republican,Alan Keyes,18
Fairfield,Danbury,President,,Republican,Alan Keyes,98
Fairfield,Darien,President,,Republican,Alan Keyes,42
Middlesex,Deep River,President,,Republican,Alan Keyes,11
New Haven,Derby,President,,Republican,Alan Keyes,11
Middlesex,Durham,President,,Republican,Alan Keyes,16
Windham,Eastford,President,,Republican,Alan Keyes,10
Hartford,East Granby,President,,Republican,Alan Keyes,15
Middlesex,East Haddam,President,,Republican,Alan Keyes,14
Middlesex,East Hampton,President,,Republican,Alan Keyes,25
Hartford,East Hartford,President,,Republican,Alan Keyes,41
New Haven,East Haven,President,,Republican,Alan Keyes,20
New London,East Lyme,President,,Republican,Alan Keyes,23
Fairfield,Easton,President,,Republican,Alan Keyes,16
Hartford,East Windsor,President,,Republican,Alan Keyes,18
Tolland,Ellington,President,,Republican,Alan Keyes,24
Hartford,Enfield,President,,Republican,Alan Keyes,71
Middlesex,Essex,President,,Republican,Alan Keyes,22
Fairfield,Fairfield,President,,Republican,Alan Keyes,106
Hartford,Farmington,President,,Republican,Alan Keyes,53
New London,Franklin,President,,Republican,Alan Keyes,7
Hartford,Glastonbury,President,,Republican,Alan Keyes,60
Litchfield,Goshen,President,,Republican,Alan Keyes,12
Hartford,Granby,President,,Republican,Alan Keyes,24
Fairfield,Greenwich,President,,Republican,Alan Keyes,164
New London,Griswold,President,,Republican,Alan Keyes,14
New London,Groton,President,,Republican,Alan Keyes,47
New Haven,Guilford,President,,Republican,Alan Keyes,40
Middlesex,Haddam,President,,Republican,Alan Keyes,16
New Haven,Hamden,President,,Republican,Alan Keyes,76
Windham,Hampton,President,,Republican,Alan Keyes,2
Hartford,Hartford,President,,Republican,Alan Keyes,58
Hartford,Hartland,President,,Republican,Alan Keyes,18
Litchfield,Harwinton,President,,Republican,Alan Keyes,16
Tolland,Hebron,President,,Republican,Alan Keyes,16
Litchfield,Kent,President,,Republican,Alan Keyes,15
Windham,Killingly,President,,Republican,Alan Keyes,23
Middlesex,Killingworth,President,,Republican,Alan Keyes,21
New London,Lebanon,President,,Republican,Alan Keyes,17
New London,Ledyard,President,,Republican,Alan Keyes,47
New London,Lisbon,President,,Republican,Alan Keyes,8
Litchfield,Litchfield,President,,Republican,Alan Keyes,36
New London,Lyme,President,,Republican,Alan Keyes,7
New Haven,Madison,President,,Republican,Alan Keyes,47
Hartford,Manchester,President,,Republican,Alan Keyes,104
Tolland,Mansfield,President,,Republican,Alan Keyes,19
Hartford,Marlborough,President,,Republican,Alan Keyes,10
New Haven,Meriden,President,,Republican,Alan Keyes,70
New Haven,Middlebury,President,,Republican,Alan Keyes,39
Middlesex,Middlefield,President,,Republican,Alan Keyes,13
Middlesex,Middletown,President,,Republican,Alan Keyes,68
New Haven,Milford,President,,Republican,Alan Keyes,105
Fairfield,Monroe,President,,Republican,Alan Keyes,32
New London,Montville,President,,Republican,Alan Keyes,20
Litchfield,Morris,President,,Republican,Alan Keyes,26
New Haven,Naugatuck,President,,Republican,Alan Keyes,59
Hartford,New Britain,President,,Republican,Alan Keyes,60
Fairfield,New Canaan,President,,Republican,Alan Keyes,60
Fairfield,New Fairfield,President,,Republican,Alan Keyes,29
Litchfield,New Hartford,President,,Republican,Alan Keyes,24
New Haven,New Haven,President,,Republican,Alan Keyes,51
Hartford,Newington,President,,Republican,Alan Keyes,48
New London,New London,President,,Republican,Alan Keyes,22
Litchfield,New Milford,President,,Republican,Alan Keyes,81
Fairfield,Newtown,President,,Republican,Alan Keyes,67
Litchfield,Norfolk,President,,Republican,Alan Keyes,6
New Haven,North Branford,President,,Republican,Alan Keyes,19
Litchfield,North Canaan,President,,Republican,Alan Keyes,7
New Haven,North Haven,President,,Republican,Alan Keyes,48
New London,Stonington,President,,Republican,Alan Keyes,41
Fairfield,Norwalk,President,,Republican,Alan Keyes,132
New London,Norwich,President,,Republican,Alan Keyes,38
New London,Old Lyme,President,,Republican,Alan Keyes,28
Middlesex,Old Saybrook,President,,Republican,Alan Keyes,32
New Haven,Orange,President,,Republican,Alan Keyes,38
New Haven,Oxford,President,,Republican,Alan Keyes,22
Windham,Plainfield,President,,Republican,Alan Keyes,12
Hartford,Plainville,President,,Republican,Alan Keyes,24
Litchfield,Plymouth,President,,Republican,Alan Keyes,21
Windham,Pomfret,President,,Republican,Alan Keyes,16
Middlesex,Portland,President,,Republican,Alan Keyes,14
New London,Preston,President,,Republican,Alan Keyes,12
New Haven,Prospect,President,,Republican,Alan Keyes,26
Windham,Putnam,President,,Republican,Alan Keyes,18
Fairfield,Redding,President,,Republican,Alan Keyes,17
Fairfield,Ridgefield,President,,Republican,Alan Keyes,72
Hartford,Rocky Hill,President,,Republican,Alan Keyes,29
Litchfield,Roxbury,President,,Republican,Alan Keyes,7
New London,Salem,President,,Republican,Alan Keyes,3
Litchfield,Salisbury,President,,Republican,Alan Keyes,14
Windham,Scotland,President,,Republican,Alan Keyes,5
New Haven,Seymour,President,,Republican,Alan Keyes,26
Litchfield,Sharon,President,,Republican,Alan Keyes,8
Fairfield,Shelton,President,,Republican,Alan Keyes,91
Fairfield,Sherman,President,,Republican,Alan Keyes,11
Hartford,Simsbury,President,,Republican,Alan Keyes,54
Tolland,Somers,President,,Republican,Alan Keyes,20
New Haven,Southbury,President,,Republican,Alan Keyes,65
Hartford,Southington,President,,Republican,Alan Keyes,68
Hartford,South Windsor,President,,Republican,Alan Keyes,49
New London,Sprague,President,,Republican,Alan Keyes,7
Tolland,Stafford,President,,Republican,Alan Keyes,23
Fairfield,Stamford,President,,Republican,Alan Keyes,172
Windham,Sterling,President,,Republican,Alan Keyes,3
Fairfield,Stratford,President,,Republican,Alan Keyes,71
Hartford,Suffield,President,,Republican,Alan Keyes,35
Litchfield,Thomaston,President,,Republican,Alan Keyes,22
Windham,Thompson,President,,Republican,Alan Keyes,15
Tolland,Tolland,President,,Republican,Alan Keyes,41
Litchfield,Torrington,President,,Republican,Alan Keyes,55
Fairfield,Trumbull,President,,Republican,Alan Keyes,61
Tolland,Union,President,,Republican,Alan Keyes,1
Tolland,Vernon,President,,Republican,Alan Keyes,53
New London,Voluntown,President,,Republican,Alan Keyes,5
New Haven,Wallingford,President,,Republican,Alan Keyes,78
Litchfield,Warren,President,,Republican,Alan Keyes,10
Litchfield,Washington,President,,Republican,Alan Keyes,9
New Haven,Waterbury,President,,Republican,Alan Keyes,197
New London,Waterford,President,,Republican,Alan Keyes,31
Litchfield,Watertown,President,,Republican,Alan Keyes,65
Middlesex,Westbrook,President,,Republican,Alan Keyes,13
Hartford,West Hartford,President,,Republican,Alan Keyes,96
New Haven,West Haven,President,,Republican,Alan Keyes,53
Fairfield,Weston,President,,Republican,Alan Keyes,18
Fairfield,Westport,President,,Republican,Alan Keyes,60
Hartford,Wethersfield,President,,Republican,Alan Keyes,56
Tolland,Willington,President,,Republican,Alan Keyes,6
Fairfield,Wilton,President,,Republican,Alan Keyes,51
Litchfield,Winchester,President,,Republican,Alan Keyes,13
Windham,Windham,President,,Republican,Alan Keyes,32
Hartford,Windsor,President,,Republican,Alan Keyes,50
Hartford,Windsor Locks,President,,Republican,Alan Keyes,17
New Haven,Wolcott,President,,Republican,Alan Keyes,42
New Haven,Woodbridge,President,,Republican,Alan Keyes,17
Litchfield,Woodbury,President,,Republican,Alan Keyes,39
Windham,Woodstock,President,,Republican,Alan Keyes,38
New London,North Stonington,President,,Republican,Alan Keyes,14
Tolland,Andover,President,,Republican,Gary Bauer,0
New Haven,Ansonia,President,,Republican,Gary Bauer,3
Windham,Ashford,President,,Republican,Gary Bauer,1
Hartford,Avon,President,,Republican,Gary Bauer,1
Litchfield,Barkhamsted,President,,Republican,Gary Bauer,1
New Haven,Beacon Falls,President,,Republican,Gary Bauer,1
Hartford,Berlin,President,,Republican,Gary Bauer,3
New Haven,Bethany,President,,Republican,Gary Bauer,0
Fairfield,Bethel,President,,Republican,Gary Bauer,0
Litchfield,Bethlehem,President,,Republican,Gary Bauer,0
Hartford,Bloomfield,President,,Republican,Gary Bauer,2
Tolland,Bolton,President,,Republican,Gary Bauer,1
New London,Bozrah,President,,Republican,Gary Bauer,0
New Haven,Branford,President,,Republican,Gary Bauer,1
Fairfield,Bridgeport,President,,Republican,Gary Bauer,8
Litchfield,Bridgewater,President,,Republican,Gary Bauer,0
Hartford,Bristol,President,,Republican,Gary Bauer,3
Fairfield,Brookfield,President,,Republican,Gary Bauer,27
Windham,Brooklyn,President,,Republican,Gary Bauer,2
Hartford,Burlington,President,,Republican,Gary Bauer,0
Litchfield,Canaan,President,,Republican,Gary Bauer,2
Windham,Canterbury,President,,Republican,Gary Bauer,2
Hartford,Canton,President,,Republican,Gary Bauer,1
Windham,Chaplin,President,,Republican,Gary Bauer,0
New Haven,Cheshire,President,,Republican,Gary Bauer,1
Middlesex,Chester,President,,Republican,Gary Bauer,0
Middlesex,Clinton,President,,Republican,Gary Bauer,2
New London,Colchester,President,,Republican,Gary Bauer,0
Litchfield,Colebrook,President,,Republican,Gary Bauer,0
Tolland,Columbia,President,,Republican,Gary Bauer,2
Litchfield,Cornwall,President,,Republican,Gary Bauer,0
Tolland,Coventry,President,,Republican,Gary Bauer,1
Middlesex,Cromwell,President,,Republican,Gary Bauer,1
Fairfield,Danbury,President,,Republican,Gary Bauer,2
Fairfield,Darien,President,,Republican,Gary Bauer,7
Middlesex,Deep River,President,,Republican,Gary Bauer,0
New Haven,Derby,President,,Republican,Gary Bauer,1
Middlesex,Durham,President,,Republican,Gary Bauer,2
Windham,Eastford,President,,Republican,Gary Bauer,1
Hartford,East Granby,President,,Republican,Gary Bauer,1
Middlesex,East Haddam,President,,Republican,Gary Bauer,1
Middlesex,East Hampton,President,,Republican,Gary Bauer,1
Hartford,East Hartford,President,,Republican,Gary Bauer,7
New Haven,East Haven,President,,Republican,Gary Bauer,0
New London,East Lyme,President,,Republican,Gary Bauer,0
Fairfield,Easton,President,,Republican,Gary Bauer,0
Hartford,East Windsor,President,,Republican,Gary Bauer,2
Tolland,Ellington,President,,Republican,Gary Bauer,3
Hartford,Enfield,President,,Republican,Gary Bauer,2
Middlesex,Essex,President,,Republican,Gary Bauer,1
Fairfield,Fairfield,President,,Republican,Gary Bauer,4
Hartford,Farmington,President,,Republican,Gary Bauer,1
New London,Franklin,President,,Republican,Gary Bauer,0
Hartford,Glastonbury,President,,Republican,Gary Bauer,4
Litchfield,Goshen,President,,Republican,Gary Bauer,0
Hartford,Granby,President,,Republican,Gary Bauer,2
Fairfield,Greenwich,President,,Republican,Gary Bauer,8
New London,Griswold,President,,Republican,Gary Bauer,2
New London,Groton,President,,Republican,Gary Bauer,2
New Haven,Guilford,President,,Republican,Gary Bauer,4
Middlesex,Haddam,President,,Republican,Gary Bauer,1
New Haven,Hamden,President,,Republican,Gary Bauer,5
Windham,Hampton,President,,Republican,Gary Bauer,1
Hartford,Hartford,President,,Republican,Gary Bauer,8
Hartford,Hartland,President,,Republican,Gary Bauer,2
Litchfield,Harwinton,President,,Republican,Gary Bauer,1
Tolland,Hebron,President,,Republican,Gary Bauer,2
Litchfield,Kent,President,,Republican,Gary Bauer,0
Windham,Killingly,President,,Republican,Gary Bauer,3
Middlesex,Killingworth,President,,Republican,Gary Bauer,2
New London,Lebanon,President,,Republican,Gary Bauer,1
New London,Ledyard,President,,Republican,Gary Bauer,0
New London,Lisbon,President,,Republican,Gary Bauer,0
Litchfield,Litchfield,President,,Republican,Gary Bauer,1
New London,Lyme,President,,Republican,Gary Bauer,0
New Haven,Madison,President,,Republican,Gary Bauer,3
Hartford,Manchester,President,,Republican,Gary Bauer,8
Tolland,Mansfield,President,,Republican,Gary Bauer,3
Hartford,Marlborough,President,,Republican,Gary Bauer,0
New Haven,Meriden,President,,Republican,Gary Bauer,5
New Haven,Middlebury,President,,Republican,Gary Bauer,2
Middlesex,Middlefield,President,,Republican,Gary Bauer,0
Middlesex,Middletown,President,,Republican,Gary Bauer,6
New Haven,Milford,President,,Republican,Gary Bauer,3
Fairfield,Monroe,President,,Republican,Gary Bauer,1
New London,Montville,President,,Republican,Gary Bauer,1
Litchfield,Morris,President,,Republican,Gary Bauer,1
New Haven,Naugatuck,President,,Republican,Gary Bauer,1
Hartford,New Britain,President,,Republican,Gary Bauer,8
Fairfield,New Canaan,President,,Republican,Gary Bauer,2
Fairfield,New Fairfield,President,,Republican,Gary Bauer,0
Litchfield,New Hartford,President,,Republican,Gary Bauer,0
New Haven,New Haven,President,,Republican,Gary Bauer,5
Hartford,Newington,President,,Republican,Gary Bauer,2
New London,New London,President,,Republican,Gary Bauer,1
Litchfield,New Milford,President,,Republican,Gary Bauer,2
Fairfield,Newtown,President,,Republican,Gary Bauer,4
Litchfield,Norfolk,President,,Republican,Gary Bauer,0
New Haven,North Branford,President,,Republican,Gary Bauer,2
Litchfield,North Canaan,President,,Republican,Gary Bauer,2
New Haven,North Haven,President,,Republican,Gary Bauer,3
New London,Stonington,President,,Republican,Gary Bauer,2
Fairfield,Norwalk,President,,Republican,Gary Bauer,30
New London,Norwich,President,,Republican,Gary Bauer,14
New London,Old Lyme,President,,Republican,Gary Bauer,0
Middlesex,Old Saybrook,President,,Republican,Gary Bauer,4
New Haven,Orange,President,,Republican,Gary Bauer,0
New Haven,Oxford,President,,Republican,Gary Bauer,5
Windham,Plainfield,President,,Republican,Gary Bauer,2
Hartford,Plainville,President,,Republican,Gary Bauer,3
Litchfield,Plymouth,President,,Republican,Gary Bauer,0
Windham,Pomfret,President,,Republican,Gary Bauer,1
Middlesex,Portland,President,,Republican,Gary Bauer,0
New London,Preston,President,,Republican,Gary Bauer,1
New Haven,Prospect,President,,Republican,Gary Bauer,0
Windham,Putnam,President,,Republican,Gary Bauer,0
Fairfield,Redding,President,,Republican,Gary Bauer,1
Fairfield,Ridgefield,President,,Republican,Gary Bauer,3
Hartford,Rocky Hill,President,,Republican,Gary Bauer,1
Litchfield,Roxbury,President,,Republican,Gary Bauer,0
New London,Salem,President,,Republican,Gary Bauer,1
Litchfield,Salisbury,President,,Republican,Gary Bauer,0
Windham,Scotland,President,,Republican,Gary Bauer,0
New Haven,Seymour,President,,Republican,Gary Bauer,0
Litchfield,Sharon,President,,Republican,Gary Bauer,0
Fairfield,Shelton,President,,Republican,Gary Bauer,3
Fairfield,Sherman,President,,Republican,Gary Bauer,0
Hartford,Simsbury,President,,Republican,Gary Bauer,1
Tolland,Somers,President,,Republican,Gary Bauer,0
New Haven,Southbury,President,,Republican,Gary Bauer,2
Hartford,Southington,President,,Republican,Gary Bauer,2
Hartford,South Windsor,President,,Republican,Gary Bauer,1
New London,Sprague,President,,Republican,Gary Bauer,1
Tolland,Stafford,President,,Republican,Gary Bauer,0
Fairfield,Stamford,President,,Republican,Gary Bauer,17
Windham,Sterling,President,,Republican,Gary Bauer,1
Fairfield,Stratford,President,,Republican,Gary Bauer,2
Hartford,Suffield,President,,Republican,Gary Bauer,1
Litchfield,Thomaston,President,,Republican,Gary Bauer,0
Windham,Thompson,President,,Republican,Gary Bauer,2
Tolland,Tolland,President,,Republican,Gary Bauer,0
Litchfield,Torrington,President,,Republican,Gary Bauer,1
Fairfield,Trumbull,President,,Republican,Gary Bauer,0
Tolland,Union,President,,Republican,Gary Bauer,0
Tolland,Vernon,President,,Republican,Gary Bauer,2
New London,Voluntown,President,,Republican,Gary Bauer,0
New Haven,Wallingford,President,,Republican,Gary Bauer,1
Litchfield,Warren,President,,Republican,Gary Bauer,1
Litchfield,Washington,President,,Republican,Gary Bauer,1
New Haven,Waterbury,President,,Republican,Gary Bauer,7
New London,Waterford,President,,Republican,Gary Bauer,1
Litchfield,Watertown,President,,Republican,Gary Bauer,4
Middlesex,Westbrook,President,,Republican,Gary Bauer,1
Hartford,West Hartford,President,,Republican,Gary Bauer,7
New Haven,West Haven,President,,Republican,Gary Bauer,16
Fairfield,Weston,President,,Republican,Gary Bauer,0
Fairfield,Westport,President,,Republican,Gary Bauer,4
Hartford,Wethersfield,President,,Republican,Gary Bauer,0
Tolland,Willington,President,,Republican,Gary Bauer,0
Fairfield,Wilton,President,,Republican,Gary Bauer,0
Litchfield,Winchester,President,,Republican,Gary Bauer,2
Windham,Windham,President,,Republican,Gary Bauer,1
Hartford,Windsor,President,,Republican,Gary Bauer,1
Hartford,Windsor Locks,President,,Republican,Gary Bauer,1
New Haven,Wolcott,President,,Republican,Gary Bauer,1
New Haven,Woodbridge,President,,Republican,Gary Bauer,1
Litchfield,Woodbury,President,,Republican,Gary Bauer,0
Windham,Woodstock,President,,Republican,Gary Bauer,2
New London,North Stonington,President,,Republican,Gary Bauer,1
Tolland,Andover,President,,Republican,George W. Bush,85
New Haven,Ansonia,President,,Republican,George W. Bush,269
Windham,Ashford,President,,Republican,George W. Bush,113
Hartford,Avon,President,,Republican,George W. Bush,997
Litchfield,Barkhamsted,President,,Republican,George W. Bush,168
New Haven,Beacon Falls,President,,Republican,George W. Bush,142
Hartford,Berlin,President,,Republican,George W. Bush,671
New Haven,Bethany,President,,Republican,George W. Bush,206
Fairfield,Bethel,President,,Republican,George W. Bush,512
Litchfield,Bethlehem,President,,Republican,George W. Bush,216
Hartford,Bloomfield,President,,Republican,George W. Bush,373
Tolland,Bolton,President,,Republican,George W. Bush,249
New London,Bozrah,President,,Republican,George W. Bush,80
New Haven,Branford,President,,Republican,George W. Bush,469
Fairfield,Bridgeport,President,,Republican,George W. Bush,632
Litchfield,Bridgewater,President,,Republican,George W. Bush,87
Hartford,Bristol,President,,Republican,George W. Bush,1068
Fairfield,Brookfield,President,,Republican,George W. Bush,821
Windham,Brooklyn,President,,Republican,George W. Bush,141
Hartford,Burlington,President,,Republican,George W. Bush,348
Litchfield,Canaan,President,,Republican,George W. Bush,80
Windham,Canterbury,President,,Republican,George W. Bush,181
Hartford,Canton,President,,Republican,George W. Bush,380
Windham,Chaplin,President,,Republican,George W. Bush,65
New Haven,Cheshire,President,,Republican,George W. Bush,948
Middlesex,Chester,President,,Republican,George W. Bush,108
Middlesex,Clinton,President,,Republican,George W. Bush,347
New London,Colchester,President,,Republican,George W. Bush,285
Litchfield,Colebrook,President,,Republican,George W. Bush,67
Tolland,Columbia,President,,Republican,George W. Bush,164
Litchfield,Cornwall,President,,Republican,George W. Bush,49
Tolland,Coventry,President,,Republican,George W. Bush,271
Middlesex,Cromwell,President,,Republican,George W. Bush,369
Fairfield,Danbury,President,,Republican,George W. Bush,902
Fairfield,Darien,President,,Republican,George W. Bush,1355
Middlesex,Deep River,President,,Republican,George W. Bush,110
New Haven,Derby,President,,Republican,George W. Bush,155
Middlesex,Durham,President,,Republican,George W. Bush,238
Windham,Eastford,President,,Republican,George W. Bush,87
Hartford,East Granby,President,,Republican,George W. Bush,204
Middlesex,East Haddam,President,,Republican,George W. Bush,207
Middlesex,East Hampton,President,,Republican,George W. Bush,302
Hartford,East Hartford,President,,Republican,George W. Bush,682
New Haven,East Haven,President,,Republican,George W. Bush,306
New London,East Lyme,President,,Republican,George W. Bush,361
Fairfield,Easton,President,,Republican,George W. Bush,348
Hartford,East Windsor,President,,Republican,George W. Bush,233
Tolland,Ellington,President,,Republican,George W. Bush,378
Hartford,Enfield,President,,Republican,George W. Bush,1026
Middlesex,Essex,President,,Republican,George W. Bush,299
Fairfield,Fairfield,President,,Republican,George W. Bush,1914
Hartford,Farmington,President,,Republican,George W. Bush,955
New London,Franklin,President,,Republican,George W. Bush,44
Hartford,Glastonbury,President,,Republican,George W. Bush,1465
Litchfield,Goshen,President,,Republican,George W. Bush,147
Hartford,Granby,President,,Republican,George W. Bush,514
Fairfield,Greenwich,President,,Republican,George W. Bush,3205
New London,Griswold,President,,Republican,George W. Bush,136
New London,Groton,President,,Republican,George W. Bush,694
New Haven,Guilford,President,,Republican,George W. Bush,649
Middlesex,Haddam,President,,Republican,George W. Bush,227
New Haven,Hamden,President,,Republican,George W. Bush,1105
Windham,Hampton,President,,Republican,George W. Bush,47
Hartford,Hartford,President,,Republican,George W. Bush,394
Hartford,Hartland,President,,Republican,George W. Bush,168
Litchfield,Harwinton,President,,Republican,George W. Bush,238
Tolland,Hebron,President,,Republican,George W. Bush,280
Litchfield,Kent,President,,Republican,George W. Bush,118
Windham,Killingly,President,,Republican,George W. Bush,249
Middlesex,Killingworth,President,,Republican,George W. Bush,222
New London,Lebanon,President,,Republican,George W. Bush,239
New London,Ledyard,President,,Republican,George W. Bush,410
New London,Lisbon,President,,Republican,George W. Bush,90
Litchfield,Litchfield,President,,Republican,George W. Bush,417
New London,Lyme,President,,Republican,George W. Bush,123
New Haven,Madison,President,,Republican,George W. Bush,924
Hartford,Manchester,President,,Republican,George W. Bush,1376
Tolland,Mansfield,President,,Republican,George W. Bush,243
Hartford,Marlborough,President,,Republican,George W. Bush,216
New Haven,Meriden,President,,Republican,George W. Bush,757
New Haven,Middlebury,President,,Republican,George W. Bush,416
Middlesex,Middlefield,President,,Republican,George W. Bush,116
Middlesex,Middletown,President,,Republican,George W. Bush,688
New Haven,Milford,President,,Republican,George W. Bush,1177
Fairfield,Monroe,President,,Republican,George W. Bush,796
New London,Montville,President,,Republican,George W. Bush,202
Litchfield,Morris,President,,Republican,George W. Bush,195
New Haven,Naugatuck,President,,Republican,George W. Bush,519
Hartford,New Britain,President,,Republican,George W. Bush,859
Fairfield,New Canaan,President,,Republican,George W. Bush,1343
Fairfield,New Fairfield,President,,Republican,George W. Bush,460
Litchfield,New Hartford,President,,Republican,George W. Bush,328
New Haven,New Haven,President,,Republican,George W. Bush,415
Hartford,Newington,President,,Republican,George W. Bush,776
New London,New London,President,,Republican,George W. Bush,173
Litchfield,New Milford,President,,Republican,George W. Bush,762
Fairfield,Newtown,President,,Republican,George W. Bush,817
Litchfield,Norfolk,President,,Republican,George W. Bush,56
New Haven,North Branford,President,,Republican,George W. Bush,292
Litchfield,North Canaan,President,,Republican,George W. Bush,94
New Haven,North Haven,President,,Republican,George W. Bush,746
New London,Stonington,President,,Republican,George W. Bush,394
Fairfield,Norwalk,President,,Republican,George W. Bush,1666
New London,Norwich,President,,Republican,George W. Bush,327
New London,Old Lyme,President,,Republican,George W. Bush,369
Middlesex,Old Saybrook,President,,Republican,George W. Bush,436
New Haven,Orange,President,,Republican,George W. Bush,542
New Haven,Oxford,President,,Republican,George W. Bush,322
Windham,Plainfield,President,,Republican,George W. Bush,192
Hartford,Plainville,President,,Republican,George W. Bush,437
Litchfield,Plymouth,President,,Republican,George W. Bush,230
Windham,Pomfret,President,,Republican,George W. Bush,142
Middlesex,Portland,President,,Republican,George W. Bush,208
New London,Preston,President,,Republican,George W. Bush,124
New Haven,Prospect,President,,Republican,George W. Bush,309
Windham,Putnam,President,,Republican,George W. Bush,130
Fairfield,Redding,President,,Republican,George W. Bush,416
Fairfield,Ridgefield,President,,Republican,George W. Bush,1167
Hartford,Rocky Hill,President,,Republican,George W. Bush,455
Litchfield,Roxbury,President,,Republican,George W. Bush,115
New London,Salem,President,,Republican,George W. Bush,111
Litchfield,Salisbury,President,,Republican,George W. Bush,138
Windham,Scotland,President,,Republican,George W. Bush,46
New Haven,Seymour,President,,Republican,George W. Bush,381
Litchfield,Sharon,President,,Republican,George W. Bush,138
Fairfield,Shelton,President,,Republican,George W. Bush,1117
Fairfield,Sherman,President,,Republican,George W. Bush,189
Hartford,Simsbury,President,,Republican,George W. Bush,1365
Tolland,Somers,President,,Republican,George W. Bush,297
New Haven,Southbury,President,,Republican,George W. Bush,1039
Hartford,Southington,President,,Republican,George W. Bush,1051
Hartford,South Windsor,President,,Republican,George W. Bush,800
New London,Sprague,President,,Republican,George W. Bush,60
Tolland,Stafford,President,,Republican,George W. Bush,182
Fairfield,Stamford,President,,Republican,George W. Bush,2877
Windham,Sterling,President,,Republican,George W. Bush,61
Fairfield,Stratford,President,,Republican,George W. Bush,967
Hartford,Suffield,President,,Republican,George W. Bush,491
Litchfield,Thomaston,President,,Republican,George W. Bush,211
Windham,Thompson,President,,Republican,George W. Bush,215
Tolland,Tolland,President,,Republican,George W. Bush,355
Litchfield,Torrington,President,,Republican,George W. Bush,794
Fairfield,Trumbull,President,,Republican,George W. Bush,1086
Tolland,Union,President,,Republican,George W. Bush,41
Tolland,Vernon,President,,Republican,George W. Bush,661
New London,Voluntown,President,,Republican,George W. Bush,33
New Haven,Wallingford,President,,Republican,George W. Bush,835
Litchfield,Warren,President,,Republican,George W. Bush,67
Litchfield,Washington,President,,Republican,George W. Bush,163
New Haven,Waterbury,President,,Republican,George W. Bush,1319
New London,Waterford,President,,Republican,George W. Bush,349
Litchfield,Watertown,President,,Republican,George W. Bush,699
Middlesex,Westbrook,President,,Republican,George W. Bush,226
Hartford,West Hartford,President,,Republican,George W. Bush,2187
New Haven,West Haven,President,,Republican,George W. Bush,544
Fairfield,Weston,President,,Republican,George W. Bush,463
Fairfield,Westport,President,,Republican,George W. Bush,1029
Hartford,Wethersfield,President,,Republican,George W. Bush,1000
Tolland,Willington,President,,Republican,George W. Bush,134
Fairfield,Wilton,President,,Republican,George W. Bush,883
Litchfield,Winchester,President,,Republican,George W. Bush,287
Windham,Windham,President,,Republican,George W. Bush,273
Hartford,Windsor,President,,Republican,George W. Bush,707
Hartford,Windsor Locks,President,,Republican,George W. Bush,314
New Haven,Wolcott,President,,Republican,George W. Bush,459
New Haven,Woodbridge,President,,Republican,George W. Bush,305
Litchfield,Woodbury,President,,Republican,George W. Bush,530
Windham,Woodstock,President,,Republican,George W. Bush,305
New London,North Stonington,President,,Republican,George W. Bush,166
Tolland,Andover,President,,Republican,Steve Forbes,2
New Haven,Ansonia,President,,Republican,Steve Forbes,5
Windham,Ashford,President,,Republican,Steve Forbes,0
Hartford,Avon,President,,Republican,Steve Forbes,11
Litchfield,Barkhamsted,President,,Republican,Steve Forbes,0
New Haven,Beacon Falls,President,,Republican,Steve Forbes,2
Hartford,Berlin,President,,Republican,Steve Forbes,9
New Haven,Bethany,President,,Republican,Steve Forbes,0
Fairfield,Bethel,President,,Republican,Steve Forbes,11
Litchfield,Bethlehem,President,,Republican,Steve Forbes,3
Hartford,Bloomfield,President,,Republican,Steve Forbes,3
Tolland,Bolton,President,,Republican,Steve Forbes,1
New London,Bozrah,President,,Republican,Steve Forbes,2
New Haven,Branford,President,,Republican,Steve Forbes,9
Fairfield,Bridgeport,President,,Republican,Steve Forbes,8
Litchfield,Bridgewater,President,,Republican,Steve Forbes,1
Hartford,Bristol,President,,Republican,Steve Forbes,10
Fairfield,Brookfield,President,,Republican,Steve Forbes,9
Windham,Brooklyn,President,,Republican,Steve Forbes,1
Hartford,Burlington,President,,Republican,Steve Forbes,3
Litchfield,Canaan,President,,Republican,Steve Forbes,5
Windham,Canterbury,President,,Republican,Steve Forbes,3
Hartford,Canton,President,,Republican,Steve Forbes,8
Windham,Chaplin,President,,Republican,Steve Forbes,1
New Haven,Cheshire,President,,Republican,Steve Forbes,8
Middlesex,Chester,President,,Republican,Steve Forbes,5
Middlesex,Clinton,President,,Republican,Steve Forbes,5
New London,Colchester,President,,Republican,Steve Forbes,6
Litchfield,Colebrook,President,,Republican,Steve Forbes,0
Tolland,Columbia,President,,Republican,Steve Forbes,1
Litchfield,Cornwall,President,,Republican,Steve Forbes,2
Tolland,Coventry,President,,Republican,Steve Forbes,5
Middlesex,Cromwell,President,,Republican,Steve Forbes,4
Fairfield,Danbury,President,,Republican,Steve Forbes,8
Fairfield,Darien,President,,Republican,Steve Forbes,14
Middlesex,Deep River,President,,Republican,Steve Forbes,1
New Haven,Derby,President,,Republican,Steve Forbes,1
Middlesex,Durham,President,,Republican,Steve Forbes,1
Windham,Eastford,President,,Republican,Steve Forbes,1
Hartford,East Granby,President,,Republican,Steve Forbes,2
Middlesex,East Haddam,President,,Republican,Steve Forbes,7
Middlesex,East Hampton,President,,Republican,Steve Forbes,5
Hartford,East Hartford,President,,Republican,Steve Forbes,11
New Haven,East Haven,President,,Republican,Steve Forbes,8
New London,East Lyme,President,,Republican,Steve Forbes,8
Fairfield,Easton,President,,Republican,Steve Forbes,4
Hartford,East Windsor,President,,Republican,Steve Forbes,4
Tolland,Ellington,President,,Republican,Steve Forbes,6
Hartford,Enfield,President,,Republican,Steve Forbes,11
Middlesex,Essex,President,,Republican,Steve Forbes,3
Fairfield,Fairfield,President,,Republican,Steve Forbes,30
Hartford,Farmington,President,,Republican,Steve Forbes,15
New London,Franklin,President,,Republican,Steve Forbes,1
Hartford,Glastonbury,President,,Republican,Steve Forbes,15
Litchfield,Goshen,President,,Republican,Steve Forbes,0
Hartford,Granby,President,,Republican,Steve Forbes,7
Fairfield,Greenwich,President,,Republican,Steve Forbes,50
New London,Griswold,President,,Republican,Steve Forbes,0
New London,Groton,President,,Republican,Steve Forbes,7
New Haven,Guilford,President,,Republican,Steve Forbes,6
Middlesex,Haddam,President,,Republican,Steve Forbes,3
New Haven,Hamden,President,,Republican,Steve Forbes,30
Windham,Hampton,President,,Republican,Steve Forbes,2
Hartford,Hartford,President,,Republican,Steve Forbes,12
Hartford,Hartland,President,,Republican,Steve Forbes,3
Litchfield,Harwinton,President,,Republican,Steve Forbes,7
Tolland,Hebron,President,,Republican,Steve Forbes,3
Litchfield,Kent,President,,Republican,Steve Forbes,2
Windham,Killingly,President,,Republican,Steve Forbes,6
Middlesex,Killingworth,President,,Republican,Steve Forbes,3
New London,Lebanon,President,,Republican,Steve Forbes,3
New London,Ledyard,President,,Republican,Steve Forbes,8
New London,Lisbon,President,,Republican,Steve Forbes,0
Litchfield,Litchfield,President,,Republican,Steve Forbes,7
New London,Lyme,President,,Republican,Steve Forbes,2
New Haven,Madison,President,,Republican,Steve Forbes,10
Hartford,Manchester,President,,Republican,Steve Forbes,20
Tolland,Mansfield,President,,Republican,Steve Forbes,2
Hartford,Marlborough,President,,Republican,Steve Forbes,1
New Haven,Meriden,President,,Republican,Steve Forbes,17
New Haven,Middlebury,President,,Republican,Steve Forbes,6
Middlesex,Middlefield,President,,Republican,Steve Forbes,1
Middlesex,Middletown,President,,Republican,Steve Forbes,10
New Haven,Milford,President,,Republican,Steve Forbes,34
Fairfield,Monroe,President,,Republican,Steve Forbes,6
New London,Montville,President,,Republican,Steve Forbes,2
Litchfield,Morris,President,,Republican,Steve Forbes,0
New Haven,Naugatuck,President,,Republican,Steve Forbes,6
Hartford,New Britain,President,,Republican,Steve Forbes,16
Fairfield,New Canaan,President,,Republican,Steve Forbes,12
Fairfield,New Fairfield,President,,Republican,Steve Forbes,7
Litchfield,New Hartford,President,,Republican,Steve Forbes,4
New Haven,New Haven,President,,Republican,Steve Forbes,19
Hartford,Newington,President,,Republican,Steve Forbes,13
New London,New London,President,,Republican,Steve Forbes,1
Litchfield,New Milford,President,,Republican,Steve Forbes,8
Fairfield,Newtown,President,,Republican,Steve Forbes,8
Litchfield,Norfolk,President,,Republican,Steve Forbes,0
New Haven,North Branford,President,,Republican,Steve Forbes,7
Litchfield,North Canaan,President,,Republican,Steve Forbes,1
New Haven,North Haven,President,,Republican,Steve Forbes,16
New London,Stonington,President,,Republican,Steve Forbes,5
Fairfield,Norwalk,President,,Republican,Steve Forbes,39
New London,Norwich,President,,Republican,Steve Forbes,6
New London,Old Lyme,President,,Republican,Steve Forbes,4
Middlesex,Old Saybrook,President,,Republican,Steve Forbes,6
New Haven,Orange,President,,Republican,Steve Forbes,9
New Haven,Oxford,President,,Republican,Steve Forbes,5
Windham,Plainfield,President,,Republican,Steve Forbes,4
Hartford,Plainville,President,,Republican,Steve Forbes,6
Litchfield,Plymouth,President,,Republican,Steve Forbes,1
Windham,Pomfret,President,,Republican,Steve Forbes,2
Middlesex,Portland,President,,Republican,Steve Forbes,1
New London,Preston,President,,Republican,Steve Forbes,2
New Haven,Prospect,President,,Republican,Steve Forbes,1
Windham,Putnam,President,,Republican,Steve Forbes,2
Fairfield,Redding,President,,Republican,Steve Forbes,4
Fairfield,Ridgefield,President,,Republican,Steve Forbes,14
Hartford,Rocky Hill,President,,Republican,Steve Forbes,10
Litchfield,Roxbury,President,,Republican,Steve Forbes,1
New London,Salem,President,,Republican,Steve Forbes,1
Litchfield,Salisbury,President,,Republican,Steve Forbes,4
Windham,Scotland,President,,Republican,Steve Forbes,1
New Haven,Seymour,President,,Republican,Steve Forbes,5
Litchfield,Sharon,President,,Republican,Steve Forbes,2
Fairfield,Shelton,President,,Republican,Steve Forbes,13
Fairfield,Sherman,President,,Republican,Steve Forbes,2
Hartford,Simsbury,President,,Republican,Steve Forbes,26
Tolland,Somers,President,,Republican,Steve Forbes,2
New Haven,Southbury,President,,Republican,Steve Forbes,15
Hartford,Southington,President,,Republican,Steve Forbes,10
Hartford,South Windsor,President,,Republican,Steve Forbes,8
New London,Sprague,President,,Republican,Steve Forbes,1
Tolland,Stafford,President,,Republican,Steve Forbes,8
Fairfield,Stamford,President,,Republican,Steve Forbes,57
Windham,Sterling,President,,Republican,Steve Forbes,0
Fairfield,Stratford,President,,Republican,Steve Forbes,18
Hartford,Suffield,President,,Republican,Steve Forbes,7
Litchfield,Thomaston,President,,Republican,Steve Forbes,4
Windham,Thompson,President,,Republican,Steve Forbes,6
Tolland,Tolland,President,,Republican,Steve Forbes,10
Litchfield,Torrington,President,,Republican,Steve Forbes,9
Fairfield,Trumbull,President,,Republican,Steve Forbes,23
Tolland,Union,President,,Republican,Steve Forbes,2
Tolland,Vernon,President,,Republican,Steve Forbes,15
New London,Voluntown,President,,Republican,Steve Forbes,3
New Haven,Wallingford,President,,Republican,Steve Forbes,4
Litchfield,Warren,President,,Republican,Steve Forbes,0
Litchfield,Washington,President,,Republican,Steve Forbes,3
New Haven,Waterbury,President,,Republican,Steve Forbes,26
New London,Waterford,President,,Republican,Steve Forbes,10
Litchfield,Watertown,President,,Republican,Steve Forbes,11
Middlesex,Westbrook,President,,Republican,Steve Forbes,7
Hartford,West Hartford,President,,Republican,Steve Forbes,16
New Haven,West Haven,President,,Republican,Steve Forbes,12
Fairfield,Weston,President,,Republican,Steve Forbes,5
Fairfield,Westport,President,,Republican,Steve Forbes,22
Hartford,Wethersfield,President,,Republican,Steve Forbes,8
Tolland,Willington,President,,Republican,Steve Forbes,2
Fairfield,Wilton,President,,Republican,Steve Forbes,13
Litchfield,Winchester,President,,Republican,Steve Forbes,3
Windham,Windham,President,,Republican,Steve Forbes,4
Hartford,Windsor,President,,Republican,Steve Forbes,7
Hartford,Windsor Locks,President,,Republican,Steve Forbes,4
New Haven,Wolcott,President,,Republican,Steve Forbes,4
New Haven,Woodbridge,President,,Republican,Steve Forbes,1
Litchfield,Woodbury,President,,Republican,Steve Forbes,15
Windham,Woodstock,President,,Republican,Steve Forbes,3
New London,North Stonington,President,,Republican,Steve Forbes,1
Tolland,Andover,President,,Republican,Orrin G. Hatch,1
New Haven,Ansonia,President,,Republican,Orrin G. Hatch,1
Windham,Ashford,President,,Republican,Orrin G. Hatch,1
Hartford,Avon,President,,Republican,Orrin G. Hatch,1
Litchfield,Barkhamsted,President,,Republican,Orrin G. Hatch,0
New Haven,Beacon Falls,President,,Republican,Orrin G. Hatch,0
Hartford,Berlin,President,,Republican,Orrin G. Hatch,1
New Haven,Bethany,President,,Republican,Orrin G. Hatch,1
Fairfield,Bethel,President,,Republican,Orrin G. Hatch,2
Litchfield,Bethlehem,President,,Republican,Orrin G. Hatch,0
Hartford,Bloomfield,President,,Republican,Orrin G. Hatch,1
Tolland,Bolton,President,,Republican,Orrin G. Hatch,0
New London,Bozrah,President,,Republican,Orrin G. Hatch,0
New Haven,Branford,President,,Republican,Orrin G. Hatch,1
Fairfield,Bridgeport,President,,Republican,Orrin G. Hatch,1
Litchfield,Bridgewater,President,,Republican,Orrin G. Hatch,0
Hartford,Bristol,President,,Republican,Orrin G. Hatch,0
Fairfield,Brookfield,President,,Republican,Orrin G. Hatch,1
Windham,Brooklyn,President,,Republican,Orrin G. Hatch,1
Hartford,Burlington,President,,Republican,Orrin G. Hatch,0
Litchfield,Canaan,President,,Republican,Orrin G. Hatch,0
Windham,Canterbury,President,,Republican,Orrin G. Hatch,1
Hartford,Canton,President,,Republican,Orrin G. Hatch,1
Windham,Chaplin,President,,Republican,Orrin G. Hatch,0
New Haven,Cheshire,President,,Republican,Orrin G. Hatch,1
Middlesex,Chester,President,,Republican,Orrin G. Hatch,0
Middlesex,Clinton,President,,Republican,Orrin G. Hatch,0
New London,Colchester,President,,Republican,Orrin G. Hatch,0
Litchfield,Colebrook,President,,Republican,Orrin G. Hatch,0
Tolland,Columbia,President,,Republican,Orrin G. Hatch,1
Litchfield,Cornwall,President,,Republican,Orrin G. Hatch,1
Tolland,Coventry,President,,Republican,Orrin G. Hatch,0
Middlesex,Cromwell,President,,Republican,Orrin G. Hatch,1
Fairfield,Danbury,President,,Republican,Orrin G. Hatch,3
Fairfield,Darien,President,,Republican,Orrin G. Hatch,2
Middlesex,Deep River,President,,Republican,Orrin G. Hatch,1
New Haven,Derby,President,,Republican,Orrin G. Hatch,0
Middlesex,Durham,President,,Republican,Orrin G. Hatch,0
Windham,Eastford,President,,Republican,Orrin G. Hatch,0
Hartford,East Granby,President,,Republican,Orrin G. Hatch,0
Middlesex,East Haddam,President,,Republican,Orrin G. Hatch,0
Middlesex,East Hampton,President,,Republican,Orrin G. Hatch,1
Hartford,East Hartford,President,,Republican,Orrin G. Hatch,2
New Haven,East Haven,President,,Republican,Orrin G. Hatch,2
New London,East Lyme,President,,Republican,Orrin G. Hatch,1
Fairfield,Easton,President,,Republican,Orrin G. Hatch,0
Hartford,East Windsor,President,,Republican,Orrin G. Hatch,1
Tolland,Ellington,President,,Republican,Orrin G. Hatch,0
Hartford,Enfield,President,,Republican,Orrin G. Hatch,1
Middlesex,Essex,President,,Republican,Orrin G. Hatch,0
Fairfield,Fairfield,President,,Republican,Orrin G. Hatch,6
Hartford,Farmington,President,,Republican,Orrin G. Hatch,3
New London,Franklin,President,,Republican,Orrin G. Hatch,0
Hartford,Glastonbury,President,,Republican,Orrin G. Hatch,0
Litchfield,Goshen,President,,Republican,Orrin G. Hatch,0
Hartford,Granby,President,,Republican,Orrin G. Hatch,1
Fairfield,Greenwich,President,,Republican,Orrin G. Hatch,7
New London,Griswold,President,,Republican,Orrin G. Hatch,0
New London,Groton,President,,Republican,Orrin G. Hatch,1
New Haven,Guilford,President,,Republican,Orrin G. Hatch,1
Middlesex,Haddam,President,,Republican,Orrin G. Hatch,0
New Haven,Hamden,President,,Republican,Orrin G. Hatch,2
Windham,Hampton,President,,Republican,Orrin G. Hatch,0
Hartford,Hartford,President,,Republican,Orrin G. Hatch,1
Hartford,Hartland,President,,Republican,Orrin G. Hatch,0
Litchfield,Harwinton,President,,Republican,Orrin G. Hatch,1
Tolland,Hebron,President,,Republican,Orrin G. Hatch,1
Litchfield,Kent,President,,Republican,Orrin G. Hatch,0
Windham,Killingly,President,,Republican,Orrin G. Hatch,1
Middlesex,Killingworth,President,,Republican,Orrin G. Hatch,0
New London,Lebanon,President,,Republican,Orrin G. Hatch,0
New London,Ledyard,President,,Republican,Orrin G. Hatch,0
New London,Lisbon,President,,Republican,Orrin G. Hatch,0
Litchfield,Litchfield,President,,Republican,Orrin G. Hatch,1
New London,Lyme,President,,Republican,Orrin G. Hatch,0
New Haven,Madison,President,,Republican,Orrin G. Hatch,2
Hartford,Manchester,President,,Republican,Orrin G. Hatch,6
Tolland,Mansfield,President,,Republican,Orrin G. Hatch,1
Hartford,Marlborough,President,,Republican,Orrin G. Hatch,0
New Haven,Meriden,President,,Republican,Orrin G. Hatch,2
New Haven,Middlebury,President,,Republican,Orrin G. Hatch,2
Middlesex,Middlefield,President,,Republican,Orrin G. Hatch,0
Middlesex,Middletown,President,,Republican,Orrin G. Hatch,1
New Haven,Milford,President,,Republican,Orrin G. Hatch,6
Fairfield,Monroe,President,,Republican,Orrin G. Hatch,1
New London,Montville,President,,Republican,Orrin G. Hatch,2
Litchfield,Morris,President,,Republican,Orrin G. Hatch,1
New Haven,Naugatuck,President,,Republican,Orrin G. Hatch,0
Hartford,New Britain,President,,Republican,Orrin G. Hatch,8
Fairfield,New Canaan,President,,Republican,Orrin G. Hatch,0
Fairfield,New Fairfield,President,,Republican,Orrin G. Hatch,0
Litchfield,New Hartford,President,,Republican,Orrin G. Hatch,0
New Haven,New Haven,President,,Republican,Orrin G. Hatch,1
Hartford,Newington,President,,Republican,Orrin G. Hatch,4
New London,New London,President,,Republican,Orrin G. Hatch,0
Litchfield,New Milford,President,,Republican,Orrin G. Hatch,3
Fairfield,Newtown,President,,Republican,Orrin G. Hatch,1
Litchfield,Norfolk,President,,Republican,Orrin G. Hatch,0
New Haven,North Branford,President,,Republican,Orrin G. Hatch,0
Litchfield,North Canaan,President,,Republican,Orrin G. Hatch,0
New Haven,North Haven,President,,Republican,Orrin G. Hatch,1
New London,Stonington,President,,Republican,Orrin G. Hatch,2
Fairfield,Norwalk,President,,Republican,Orrin G. Hatch,2
New London,Norwich,President,,Republican,Orrin G. Hatch,2
New London,Old Lyme,President,,Republican,Orrin G. Hatch,2
Middlesex,Old Saybrook,President,,Republican,Orrin G. Hatch,1
New Haven,Orange,President,,Republican,Orrin G. Hatch,1
New Haven,Oxford,President,,Republican,Orrin G. Hatch,0
Windham,Plainfield,President,,Republican,Orrin G. Hatch,2
Hartford,Plainville,President,,Republican,Orrin G. Hatch,0
Litchfield,Plymouth,President,,Republican,Orrin G. Hatch,0
Windham,Pomfret,President,,Republican,Orrin G. Hatch,0
Middlesex,Portland,President,,Republican,Orrin G. Hatch,1
New London,Preston,President,,Republican,Orrin G. Hatch,0
New Haven,Prospect,President,,Republican,Orrin G. Hatch,0
Windham,Putnam,President,,Republican,Orrin G. Hatch,0
Fairfield,Redding,President,,Republican,Orrin G. Hatch,0
Fairfield,Ridgefield,President,,Republican,Orrin G. Hatch,0
Hartford,Rocky Hill,President,,Republican,Orrin G. Hatch,1
Litchfield,Roxbury,President,,Republican,Orrin G. Hatch,0
New London,Salem,President,,Republican,Orrin G. Hatch,0
Litchfield,Salisbury,President,,Republican,Orrin G. Hatch,0
Windham,Scotland,President,,Republican,Orrin G. Hatch,0
New Haven,Seymour,President,,Republican,Orrin G. Hatch,2
Litchfield,Sharon,President,,Republican,Orrin G. Hatch,1
Fairfield,Shelton,President,,Republican,Orrin G. Hatch,4
Fairfield,Sherman,President,,Republican,Orrin G. Hatch,0
Hartford,Simsbury,President,,Republican,Orrin G. Hatch,2
Tolland,Somers,President,,Republican,Orrin G. Hatch,0
New Haven,Southbury,President,,Republican,Orrin G. Hatch,1
Hartford,Southington,President,,Republican,Orrin G. Hatch,0
Hartford,South Windsor,President,,Republican,Orrin G. Hatch,3
New London,Sprague,President,,Republican,Orrin G. Hatch,0
Tolland,Stafford,President,,Republican,Orrin G. Hatch,0
Fairfield,Stamford,President,,Republican,Orrin G. Hatch,8
Windham,Sterling,President,,Republican,Orrin G. Hatch,0
Fairfield,Stratford,President,,Republican,Orrin G. Hatch,2
Hartford,Suffield,President,,Republican,Orrin G. Hatch,3
Litchfield,Thomaston,President,,Republican,Orrin G. Hatch,0
Windham,Thompson,President,,Republican,Orrin G. Hatch,1
Tolland,Tolland,President,,Republican,Orrin G. Hatch,0
Litchfield,Torrington,President,,Republican,Orrin G. Hatch,4
Fairfield,Trumbull,President,,Republican,Orrin G. Hatch,2
Tolland,Union,President,,Republican,Orrin G. Hatch,0
Tolland,Vernon,President,,Republican,Orrin G. Hatch,1
New London,Voluntown,President,,Republican,Orrin G. Hatch,1
New Haven,Wallingford,President,,Republican,Orrin G. Hatch,1
Litchfield,Warren,President,,Republican,Orrin G. Hatch,0
Litchfield,Washington,President,,Republican,Orrin G. Hatch,0
New Haven,Waterbury,President,,Republican,Orrin G. Hatch,1
New London,Waterford,President,,Republican,Orrin G. Hatch,0
Litchfield,Watertown,President,,Republican,Orrin G. Hatch,4
Middlesex,Westbrook,President,,Republican,Orrin G. Hatch,0
Hartford,West Hartford,President,,Republican,Orrin G. Hatch,8
New Haven,West Haven,President,,Republican,Orrin G. Hatch,1
Fairfield,Weston,President,,Republican,Orrin G. Hatch,0
Fairfield,Westport,President,,Republican,Orrin G. Hatch,5
Hartford,Wethersfield,President,,Republican,Orrin G. Hatch,1
Tolland,Willington,President,,Republican,Orrin G. Hatch,0
Fairfield,Wilton,President,,Republican,Orrin G. Hatch,0
Litchfield,Winchester,President,,Republican,Orrin G. Hatch,1
Windham,Windham,President,,Republican,Orrin G. Hatch,1
Hartford,Windsor,President,,Republican,Orrin G. Hatch,0
Hartford,Windsor Locks,President,,Republican,Orrin G. Hatch,1
New Haven,Wolcott,President,,Republican,Orrin G. Hatch,0
New Haven,Woodbridge,President,,Republican,Orrin G. Hatch,0
Litchfield,Woodbury,President,,Republican,Orrin G. Hatch,3
Windham,Woodstock,President,,Republican,Orrin G. Hatch,0
New London,North Stonington,President,,Republican,Orrin G. Hatch,1
Tolland,Andover,President,,Republican,John McCain,104
New Haven,Ansonia,President,,Republican,John McCain,228
Windham,Ashford,President,,Republican,John McCain,102
Hartford,Avon,President,,Republican,John McCain,827
Litchfield,Barkhamsted,President,,Republican,John McCain,159
New Haven,Beacon Falls,President,,Republican,John McCain,126
Hartford,Berlin,President,,Republican,John McCain,586
New Haven,Bethany,President,,Republican,John McCain,292
Fairfield,Bethel,President,,Republican,John McCain,545
Litchfield,Bethlehem,President,,Republican,John McCain,151
Hartford,Bloomfield,President,,Republican,John McCain,372
Tolland,Bolton,President,,Republican,John McCain,216
New London,Bozrah,President,,Republican,John McCain,79
New Haven,Branford,President,,Republican,John McCain,605
Fairfield,Bridgeport,President,,Republican,John McCain,645
Litchfield,Bridgewater,President,,Republican,John McCain,162
Hartford,Bristol,President,,Republican,John McCain,833
Fairfield,Brookfield,President,,Republican,John McCain,920
Windham,Brooklyn,President,,Republican,John McCain,184
Hartford,Burlington,President,,Republican,John McCain,249
Litchfield,Canaan,President,,Republican,John McCain,92
Windham,Canterbury,President,,Republican,John McCain,191
Hartford,Canton,President,,Republican,John McCain,388
Windham,Chaplin,President,,Republican,John McCain,68
New Haven,Cheshire,President,,Republican,John McCain,969
Middlesex,Chester,President,,Republican,John McCain,156
Middlesex,Clinton,President,,Republican,John McCain,497
New London,Colchester,President,,Republican,John McCain,376
Litchfield,Colebrook,President,,Republican,John McCain,55
Tolland,Columbia,President,,Republican,John McCain,180
Litchfield,Cornwall,President,,Republican,John McCain,92
Tolland,Coventry,President,,Republican,John McCain,281
Middlesex,Cromwell,President,,Republican,John McCain,306
Fairfield,Danbury,President,,Republican,John McCain,911
Fairfield,Darien,President,,Republican,John McCain,1606
Middlesex,Deep River,President,,Republican,John McCain,191
New Haven,Derby,President,,Republican,John McCain,156
Middlesex,Durham,President,,Republican,John McCain,317
Windham,Eastford,President,,Republican,John McCain,104
Hartford,East Granby,President,,Republican,John McCain,202
Middlesex,East Haddam,President,,Republican,John McCain,236
Middlesex,East Hampton,President,,Republican,John McCain,305
Hartford,East Hartford,President,,Republican,John McCain,527
New Haven,East Haven,President,,Republican,John McCain,302
New London,East Lyme,President,,Republican,John McCain,718
Fairfield,Easton,President,,Republican,John McCain,432
Hartford,East Windsor,President,,Republican,John McCain,181
Tolland,Ellington,President,,Republican,John McCain,270
Hartford,Enfield,President,,Republican,John McCain,758
Middlesex,Essex,President,,Republican,John McCain,406
Fairfield,Fairfield,President,,Republican,John McCain,2708
Hartford,Farmington,President,,Republican,John McCain,840
New London,Franklin,President,,Republican,John McCain,84
Hartford,Glastonbury,President,,Republican,John McCain,1515
Litchfield,Goshen,President,,Republican,John McCain,142
Hartford,Granby,President,,Republican,John McCain,531
Fairfield,Greenwich,President,,Republican,John McCain,3438
New London,Griswold,President,,Republican,John McCain,194
New London,Groton,President,,Republican,John McCain,853
New Haven,Guilford,President,,Republican,John McCain,917
Middlesex,Haddam,President,,Republican,John McCain,237
New Haven,Hamden,President,,Republican,John McCain,1211
Windham,Hampton,President,,Republican,John McCain,86
Hartford,Hartford,President,,Republican,John McCain,268
Hartford,Hartland,President,,Republican,John McCain,83
Litchfield,Harwinton,President,,Republican,John McCain,203
Tolland,Hebron,President,,Republican,John McCain,315
Litchfield,Kent,President,,Republican,John McCain,157
Windham,Killingly,President,,Republican,John McCain,259
Middlesex,Killingworth,President,,Republican,John McCain,256
New London,Lebanon,President,,Republican,John McCain,247
New London,Ledyard,President,,Republican,John McCain,546
New London,Lisbon,President,,Republican,John McCain,127
Litchfield,Litchfield,President,,Republican,John McCain,425
New London,Lyme,President,,Republican,John McCain,250
New Haven,Madison,President,,Republican,John McCain,1155
Hartford,Manchester,President,,Republican,John McCain,1207
Tolland,Mansfield,President,,Republican,John McCain,309
Hartford,Marlborough,President,,Republican,John McCain,203
New Haven,Meriden,President,,Republican,John McCain,633
New Haven,Middlebury,President,,Republican,John McCain,335
Middlesex,Middlefield,President,,Republican,John McCain,156
Middlesex,Middletown,President,,Republican,John McCain,633
New Haven,Milford,President,,Republican,John McCain,1459
Fairfield,Monroe,President,,Republican,John McCain,812
New London,Montville,President,,Republican,John McCain,322
Litchfield,Morris,President,,Republican,John McCain,159
New Haven,Naugatuck,President,,Republican,John McCain,440
Hartford,New Britain,President,,Republican,John McCain,666
Fairfield,New Canaan,President,,Republican,John McCain,1434
Fairfield,New Fairfield,President,,Republican,John McCain,495
Litchfield,New Hartford,President,,Republican,John McCain,219
New Haven,New Haven,President,,Republican,John McCain,459
Hartford,Newington,President,,Republican,John McCain,668
New London,New London,President,,Republican,John McCain,297
Litchfield,New Milford,President,,Republican,John McCain,821
Fairfield,Newtown,President,,Republican,John McCain,987
Litchfield,Norfolk,President,,Republican,John McCain,67
New Haven,North Branford,President,,Republican,John McCain,308
Litchfield,North Canaan,President,,Republican,John McCain,156
New Haven,North Haven,President,,Republican,John McCain,854
New London,Stonington,President,,Republican,John McCain,697
Fairfield,Norwalk,President,,Republican,John McCain,1781
New London,Norwich,President,,Republican,John McCain,562
New London,Old Lyme,President,,Republican,John McCain,663
Middlesex,Old Saybrook,President,,Republican,John McCain,632
New Haven,Orange,President,,Republican,John McCain,507
New Haven,Oxford,President,,Republican,John McCain,225
Windham,Plainfield,President,,Republican,John McCain,227
Hartford,Plainville,President,,Republican,John McCain,297
Litchfield,Plymouth,President,,Republican,John McCain,167
Windham,Pomfret,President,,Republican,John McCain,171
Middlesex,Portland,President,,Republican,John McCain,235
New London,Preston,President,,Republican,John McCain,200
New Haven,Prospect,President,,Republican,John McCain,253
Windham,Putnam,President,,Republican,John McCain,136
Fairfield,Redding,President,,Republican,John McCain,556
Fairfield,Ridgefield,President,,Republican,John McCain,1610
Hartford,Rocky Hill,President,,Republican,John McCain,425
Litchfield,Roxbury,President,,Republican,John McCain,163
New London,Salem,President,,Republican,John McCain,171
Litchfield,Salisbury,President,,Republican,John McCain,217
Windham,Scotland,President,,Republican,John McCain,51
New Haven,Seymour,President,,Republican,John McCain,308
Litchfield,Sharon,President,,Republican,John McCain,162
Fairfield,Shelton,President,,Republican,John McCain,1141
Fairfield,Sherman,President,,Republican,John McCain,178
Hartford,Simsbury,President,,Republican,John McCain,1302
Tolland,Somers,President,,Republican,John McCain,231
New Haven,Southbury,President,,Republican,John McCain,913
Hartford,Southington,President,,Republican,John McCain,893
Hartford,South Windsor,President,,Republican,John McCain,730
New London,Sprague,President,,Republican,John McCain,75
Tolland,Stafford,President,,Republican,John McCain,191
Fairfield,Stamford,President,,Republican,John McCain,3079
Windham,Sterling,President,,Republican,John McCain,49
Fairfield,Stratford,President,,Republican,John McCain,1099
Hartford,Suffield,President,,Republican,John McCain,515
Litchfield,Thomaston,President,,Republican,John McCain,162
Windham,Thompson,President,,Republican,John McCain,176
Tolland,Tolland,President,,Republican,John McCain,326
Litchfield,Torrington,President,,Republican,John McCain,680
Fairfield,Trumbull,President,,Republican,John McCain,1192
Tolland,Union,President,,Republican,John McCain,59
Tolland,Vernon,President,,Republican,John McCain,568
New London,Voluntown,President,,Republican,John McCain,62
New Haven,Wallingford,President,,Republican,John McCain,769
Litchfield,Warren,President,,Republican,John McCain,68
Litchfield,Washington,President,,Republican,John McCain,227
New Haven,Waterbury,President,,Republican,John McCain,937
New London,Waterford,President,,Republican,John McCain,528
Litchfield,Watertown,President,,Republican,John McCain,483
Middlesex,Westbrook,President,,Republican,John McCain,320
Hartford,West Hartford,President,,Republican,John McCain,1982
New Haven,West Haven,President,,Republican,John McCain,532
Fairfield,Weston,President,,Republican,John McCain,653
Fairfield,Westport,President,,Republican,John McCain,1584
Hartford,Wethersfield,President,,Republican,John McCain,855
Tolland,Willington,President,,Republican,John McCain,13
Fairfield,Wilton,President,,Republican,John McCain,1146
Litchfield,Winchester,President,,Republican,John McCain,184
Windham,Windham,President,,Republican,John McCain,271
Hartford,Windsor,President,,Republican,John McCain,600
Hartford,Windsor Locks,President,,Republican,John McCain,233
New Haven,Wolcott,President,,Republican,John McCain,301
New Haven,Woodbridge,President,,Republican,John McCain,423
Litchfield,Woodbury,President,,Republican,John McCain,571
Windham,Woodstock,President,,Republican,John McCain,331
New London,North Stonington,President,,Republican,John McCain,190
Tolland,Andover,President,,Democratic,Bill Bradley,84
New Haven,Ansonia,President,,Democratic,Bill Bradley,308
Windham,Ashford,President,,Democratic,Bill Bradley,120
Hartford,Avon,President,,Democratic,Bill Bradley,412
Litchfield,Barkhamsted,President,,Democratic,Bill Bradley,114
New Haven,Beacon Falls,President,,Democratic,Bill Bradley,82
Hartford,Berlin,President,,Democratic,Bill Bradley,566
New Haven,Bethany,President,,Democratic,Bill Bradley,143
Fairfield,Bethel,President,,Democratic,Bill Bradley,372
Litchfield,Bethlehem,President,,Democratic,Bill Bradley,115
Hartford,Bloomfield,President,,Democratic,Bill Bradley,572
Tolland,Bolton,President,,Democratic,Bill Bradley,118
New London,Bozrah,President,,Democratic,Bill Bradley,98
New Haven,Branford,President,,Democratic,Bill Bradley,826
Fairfield,Bridgeport,President,,Democratic,Bill Bradley,1820
Litchfield,Bridgewater,President,,Democratic,Bill Bradley,51
Hartford,Bristol,President,,Democratic,Bill Bradley,1100
Fairfield,Brookfield,President,,Democratic,Bill Bradley,308
Windham,Brooklyn,President,,Democratic,Bill Bradley,113
Hartford,Burlington,President,,Democratic,Bill Bradley,185
Litchfield,Canaan,President,,Democratic,Bill Bradley,35
Windham,Canterbury,President,,Democratic,Bill Bradley,87
Hartford,Canton,President,,Democratic,Bill Bradley,298
Windham,Chaplin,President,,Democratic,Bill Bradley,47
New Haven,Cheshire,President,,Democratic,Bill Bradley,579
Middlesex,Chester,President,,Democratic,Bill Bradley,134
Middlesex,Clinton,President,,Democratic,Bill Bradley,273
New London,Colchester,President,,Democratic,Bill Bradley,247
Litchfield,Colebrook,President,,Democratic,Bill Bradley,34
Tolland,Columbia,President,,Democratic,Bill Bradley,181
Litchfield,Cornwall,President,,Democratic,Bill Bradley,72
Tolland,Coventry,President,,Democratic,Bill Bradley,295
Middlesex,Cromwell,President,,Democratic,Bill Bradley,286
Fairfield,Danbury,President,,Democratic,Bill Bradley,1040
Fairfield,Darien,President,,Democratic,Bill Bradley,427
Middlesex,Deep River,President,,Democratic,Bill Bradley,126
New Haven,Derby,President,,Democratic,Bill Bradley,302
Middlesex,Durham,President,,Democratic,Bill Bradley,189
Windham,Eastford,President,,Democratic,Bill Bradley,29
Hartford,East Granby,President,,Democratic,Bill Bradley,106
Middlesex,East Haddam,President,,Democratic,Bill Bradley,196
Middlesex,East Hampton,President,,Democratic,Bill Bradley,258
Hartford,East Hartford,President,,Democratic,Bill Bradley,1090
New Haven,East Haven,President,,Democratic,Bill Bradley,321
New London,East Lyme,President,,Democratic,Bill Bradley,393
Fairfield,Easton,President,,Democratic,Bill Bradley,160
Hartford,East Windsor,President,,Democratic,Bill Bradley,165
Tolland,Ellington,President,,Democratic,Bill Bradley,181
Hartford,Enfield,President,,Democratic,Bill Bradley,883
Middlesex,Essex,President,,Democratic,Bill Bradley,177
Fairfield,Fairfield,President,,Democratic,Bill Bradley,1389
Hartford,Farmington,President,,Democratic,Bill Bradley,540
New London,Franklin,President,,Democratic,Bill Bradley,35
Hartford,Glastonbury,President,,Democratic,Bill Bradley,1107
Litchfield,Goshen,President,,Democratic,Bill Bradley,53
Hartford,Granby,President,,Democratic,Bill Bradley,280
Fairfield,Greenwich,President,,Democratic,Bill Bradley,1296
New London,Griswold,President,,Democratic,Bill Bradley,228
New London,Groton,President,,Democratic,Bill Bradley,466
New Haven,Guilford,President,,Democratic,Bill Bradley,638
Middlesex,Haddam,President,,Democratic,Bill Bradley,227
New Haven,Hamden,President,,Democratic,Bill Bradley,1406
Windham,Hampton,President,,Democratic,Bill Bradley,61
Hartford,Hartford,President,,Democratic,Bill Bradley,1560
Hartford,Hartland,President,,Democratic,Bill Bradley,44
Litchfield,Harwinton,President,,Democratic,Bill Bradley,115
Tolland,Hebron,President,,Democratic,Bill Bradley,204
Litchfield,Kent,President,,Democratic,Bill Bradley,102
Windham,Killingly,President,,Democratic,Bill Bradley,216
Middlesex,Killingworth,President,,Democratic,Bill Bradley,108
New London,Lebanon,President,,Democratic,Bill Bradley,131
New London,Ledyard,President,,Democratic,Bill Bradley,253
New London,Lisbon,President,,Democratic,Bill Bradley,84
Litchfield,Litchfield,President,,Democratic,Bill Bradley,224
New London,Lyme,President,,Democratic,Bill Bradley,94
New Haven,Madison,President,,Democratic,Bill Bradley,425
Hartford,Manchester,President,,Democratic,Bill Bradley,1213
Tolland,Mansfield,President,,Democratic,Bill Bradley,574
Hartford,Marlborough,President,,Democratic,Bill Bradley,192
New Haven,Meriden,President,,Democratic,Bill Bradley,682
New Haven,Middlebury,President,,Democratic,Bill Bradley,170
Middlesex,Middlefield,President,,Democratic,Bill Bradley,121
Middlesex,Middletown,President,,Democratic,Bill Bradley,1217
New Haven,Milford,President,,Democratic,Bill Bradley,865
Fairfield,Monroe,President,,Democratic,Bill Bradley,262
New London,Montville,President,,Democratic,Bill Bradley,236
Litchfield,Morris,President,,Democratic,Bill Bradley,48
New Haven,Naugatuck,President,,Democratic,Bill Bradley,537
Hartford,New Britain,President,,Democratic,Bill Bradley,1412
Fairfield,New Canaan,President,,Democratic,Bill Bradley,383
Fairfield,New Fairfield,President,,Democratic,Bill Bradley,186
Litchfield,New Hartford,President,,Democratic,Bill Bradley,141
New Haven,New Haven,President,,Democratic,Bill Bradley,2556
Hartford,Newington,President,,Democratic,Bill Bradley,1492
New London,New London,President,,Democratic,Bill Bradley,378
Litchfield,New Milford,President,,Democratic,Bill Bradley,415
Fairfield,Newtown,President,,Democratic,Bill Bradley,518
Litchfield,Norfolk,President,,Democratic,Bill Bradley,69
New Haven,North Branford,President,,Democratic,Bill Bradley,162
Litchfield,North Canaan,President,,Democratic,Bill Bradley,43
New Haven,North Haven,President,,Democratic,Bill Bradley,364
New London,Stonington,President,,Democratic,Bill Bradley,481
Fairfield,Norwalk,President,,Democratic,Bill Bradley,1232
New London,Norwich,President,,Democratic,Bill Bradley,722
New London,Old Lyme,President,,Democratic,Bill Bradley,233
Middlesex,Old Saybrook,President,,Democratic,Bill Bradley,207
New Haven,Orange,President,,Democratic,Bill Bradley,261
New Haven,Oxford,President,,Democratic,Bill Bradley,104
Windham,Plainfield,President,,Democratic,Bill Bradley,300
Hartford,Plainville,President,,Democratic,Bill Bradley,307
Litchfield,Plymouth,President,,Democratic,Bill Bradley,109
Windham,Pomfret,President,,Democratic,Bill Bradley,119
Middlesex,Portland,President,,Democratic,Bill Bradley,231
New London,Preston,President,,Democratic,Bill Bradley,58
New Haven,Prospect,President,,Democratic,Bill Bradley,139
Windham,Putnam,President,,Democratic,Bill Bradley,140
Fairfield,Redding,President,,Democratic,Bill Bradley,242
Fairfield,Ridgefield,President,,Democratic,Bill Bradley,594
Hartford,Rocky Hill,President,,Democratic,Bill Bradley,441
Litchfield,Roxbury,President,,Democratic,Bill Bradley,89
New London,Salem,President,,Democratic,Bill Bradley,84
Litchfield,Salisbury,President,,Democratic,Bill Bradley,125
Windham,Scotland,President,,Democratic,Bill Bradley,45
New Haven,Seymour,President,,Democratic,Bill Bradley,191
Litchfield,Sharon,President,,Democratic,Bill Bradley,79
Fairfield,Shelton,President,,Democratic,Bill Bradley,568
Fairfield,Sherman,President,,Democratic,Bill Bradley,79
Hartford,Simsbury,President,,Democratic,Bill Bradley,782
Tolland,Somers,President,,Democratic,Bill Bradley,186
New Haven,Southbury,President,,Democratic,Bill Bradley,386
Hartford,Southington,President,,Democratic,Bill Bradley,685
Hartford,South Windsor,President,,Democratic,Bill Bradley,713
New London,Sprague,President,,Democratic,Bill Bradley,75
Tolland,Stafford,President,,Democratic,Bill Bradley,238
Fairfield,Stamford,President,,Democratic,Bill Bradley,3020
Windham,Sterling,President,,Democratic,Bill Bradley,29
Fairfield,Stratford,President,,Democratic,Bill Bradley,876
Hartford,Suffield,President,,Democratic,Bill Bradley,255
Litchfield,Thomaston,President,,Democratic,Bill Bradley,142
Windham,Thompson,President,,Democratic,Bill Bradley,154
Tolland,Tolland,President,,Democratic,Bill Bradley,275
Litchfield,Torrington,President,,Democratic,Bill Bradley,609
Fairfield,Trumbull,President,,Democratic,Bill Bradley,603
Tolland,Union,President,,Democratic,Bill Bradley,11
Tolland,Vernon,President,,Democratic,Bill Bradley,480
New London,Voluntown,President,,Democratic,Bill Bradley,51
New Haven,Wallingford,President,,Democratic,Bill Bradley,645
Litchfield,Warren,President,,Democratic,Bill Bradley,33
Litchfield,Washington,President,,Democratic,Bill Bradley,129
New Haven,Waterbury,President,,Democratic,Bill Bradley,2034
New London,Waterford,President,,Democratic,Bill Bradley,408
Litchfield,Watertown,President,,Democratic,Bill Bradley,346
Middlesex,Westbrook,President,,Democratic,Bill Bradley,123
Hartford,West Hartford,President,,Democratic,Bill Bradley,2886
New Haven,West Haven,President,,Democratic,Bill Bradley,2768
Fairfield,Weston,President,,Democratic,Bill Bradley,328
Fairfield,Westport,President,,Democratic,Bill Bradley,1037
Hartford,Wethersfield,President,,Democratic,Bill Bradley,1028
Tolland,Willington,President,,Democratic,Bill Bradley,112
Fairfield,Wilton,President,,Democratic,Bill Bradley,394
Litchfield,Winchester,President,,Democratic,Bill Bradley,155
Windham,Windham,President,,Democratic,Bill Bradley,461
Hartford,Windsor,President,,Democratic,Bill Bradley,874
Hartford,Windsor Locks,President,,Democratic,Bill Bradley,245
New Haven,Wolcott,President,,Democratic,Bill Bradley,213
New Haven,Woodbridge,President,,Democratic,Bill Bradley,323
Litchfield,Woodbury,President,,Democratic,Bill Bradley,230
Windham,Woodstock,President,,Democratic,Bill Bradley,151
New London,North Stonington,President,,Democratic,Bill Bradley,96
Tolland,Andover,President,,Democratic,Al Gore,92
New Haven,Ansonia,President,,Democratic,Al Gore,485
Windham,Ashford,President,,Democratic,Al Gore,173
Hartford,Avon,President,,Democratic,Al Gore,399
Litchfield,Barkhamsted,President,,Democratic,Al Gore,77
New Haven,Beacon Falls,President,,Democratic,Al Gore,103
Hartford,Berlin,President,,Democratic,Al Gore,763
New Haven,Bethany,President,,Democratic,Al Gore,121
Fairfield,Bethel,President,,Democratic,Al Gore,254
Litchfield,Bethlehem,President,,Democratic,Al Gore,69
Hartford,Bloomfield,President,,Democratic,Al Gore,1369
Tolland,Bolton,President,,Democratic,Al Gore,134
New London,Bozrah,President,,Democratic,Al Gore,132
New Haven,Branford,President,,Democratic,Al Gore,733
Fairfield,Bridgeport,President,,Democratic,Al Gore,4445
Litchfield,Bridgewater,President,,Democratic,Al Gore,54
Hartford,Bristol,President,,Democratic,Al Gore,1934
Fairfield,Brookfield,President,,Democratic,Al Gore,238
Windham,Brooklyn,President,,Democratic,Al Gore,156
Hartford,Burlington,President,,Democratic,Al Gore,184
Litchfield,Canaan,President,,Democratic,Al Gore,29
Windham,Canterbury,President,,Democratic,Al Gore,76
Hartford,Canton,President,,Democratic,Al Gore,208
Windham,Chaplin,President,,Democratic,Al Gore,74
New Haven,Cheshire,President,,Democratic,Al Gore,534
Middlesex,Chester,President,,Democratic,Al Gore,99
Middlesex,Clinton,President,,Democratic,Al Gore,272
New London,Colchester,President,,Democratic,Al Gore,353
Litchfield,Colebrook,President,,Democratic,Al Gore,26
Tolland,Columbia,President,,Democratic,Al Gore,158
Litchfield,Cornwall,President,,Democratic,Al Gore,66
Tolland,Coventry,President,,Democratic,Al Gore,294
Middlesex,Cromwell,President,,Democratic,Al Gore,393
Fairfield,Danbury,President,,Democratic,Al Gore,1411
Fairfield,Darien,President,,Democratic,Al Gore,303
Middlesex,Deep River,President,,Democratic,Al Gore,120
New Haven,Derby,President,,Democratic,Al Gore,406
Middlesex,Durham,President,,Democratic,Al Gore,165
Windham,Eastford,President,,Democratic,Al Gore,53
Hartford,East Granby,President,,Democratic,Al Gore,118
Middlesex,East Haddam,President,,Democratic,Al Gore,187
Middlesex,East Hampton,President,,Democratic,Al Gore,327
Hartford,East Hartford,President,,Democratic,Al Gore,2119
New Haven,East Haven,President,,Democratic,Al Gore,613
New London,East Lyme,President,,Democratic,Al Gore,316
Fairfield,Easton,President,,Democratic,Al Gore,156
Hartford,East Windsor,President,,Democratic,Al Gore,273
Tolland,Ellington,President,,Democratic,Al Gore,222
Hartford,Enfield,President,,Democratic,Al Gore,1435
Middlesex,Essex,President,,Democratic,Al Gore,187
Fairfield,Fairfield,President,,Democratic,Al Gore,1175
Hartford,Farmington,President,,Democratic,Al Gore,606
New London,Franklin,President,,Democratic,Al Gore,35
Hartford,Glastonbury,President,,Democratic,Al Gore,966
Litchfield,Goshen,President,,Democratic,Al Gore,51
Hartford,Granby,President,,Democratic,Al Gore,201
Fairfield,Greenwich,President,,Democratic,Al Gore,1144
New London,Griswold,President,,Democratic,Al Gore,342
New London,Groton,President,,Democratic,Al Gore,556
New Haven,Guilford,President,,Democratic,Al Gore,566
Middlesex,Haddam,President,,Democratic,Al Gore,216
New Haven,Hamden,President,,Democratic,Al Gore,2233
Windham,Hampton,President,,Democratic,Al Gore,44
Hartford,Hartford,President,,Democratic,Al Gore,6230
Hartford,Hartland,President,,Democratic,Al Gore,32
Litchfield,Harwinton,President,,Democratic,Al Gore,97
Tolland,Hebron,President,,Democratic,Al Gore,189
Litchfield,Kent,President,,Democratic,Al Gore,77
Windham,Killingly,President,,Democratic,Al Gore,278
Middlesex,Killingworth,President,,Democratic,Al Gore,116
New London,Lebanon,President,,Democratic,Al Gore,131
New London,Ledyard,President,,Democratic,Al Gore,246
New London,Lisbon,President,,Democratic,Al Gore,135
Litchfield,Litchfield,President,,Democratic,Al Gore,190
New London,Lyme,President,,Democratic,Al Gore,55
New Haven,Madison,President,,Democratic,Al Gore,360
Hartford,Manchester,President,,Democratic,Al Gore,1512
Tolland,Mansfield,President,,Democratic,Al Gore,580
Hartford,Marlborough,President,,Democratic,Al Gore,168
New Haven,Meriden,President,,Democratic,Al Gore,1156
New Haven,Middlebury,President,,Democratic,Al Gore,131
Middlesex,Middlefield,President,,Democratic,Al Gore,186
Middlesex,Middletown,President,,Democratic,Al Gore,1829
New Haven,Milford,President,,Democratic,Al Gore,1052
Fairfield,Monroe,President,,Democratic,Al Gore,275
New London,Montville,President,,Democratic,Al Gore,312
Litchfield,Morris,President,,Democratic,Al Gore,57
New Haven,Naugatuck,President,,Democratic,Al Gore,553
Hartford,New Britain,President,,Democratic,Al Gore,3232
Fairfield,New Canaan,President,,Democratic,Al Gore,318
Fairfield,New Fairfield,President,,Democratic,Al Gore,150
Litchfield,New Hartford,President,,Democratic,Al Gore,161
New Haven,New Haven,President,,Democratic,Al Gore,4898
Hartford,Newington,President,,Democratic,Al Gore,2134
New London,New London,President,,Democratic,Al Gore,497
Litchfield,New Milford,President,,Democratic,Al Gore,385
Fairfield,Newtown,President,,Democratic,Al Gore,423
Litchfield,Norfolk,President,,Democratic,Al Gore,51
New Haven,North Branford,President,,Democratic,Al Gore,224
Litchfield,North Canaan,President,,Democratic,Al Gore,61
New Haven,North Haven,President,,Democratic,Al Gore,432
New London,Stonington,President,,Democratic,Al Gore,427
Fairfield,Norwalk,President,,Democratic,Al Gore,1743
New London,Norwich,President,,Democratic,Al Gore,1016
New London,Old Lyme,President,,Democratic,Al Gore,174
Middlesex,Old Saybrook,President,,Democratic,Al Gore,210
New Haven,Orange,President,,Democratic,Al Gore,298
New Haven,Oxford,President,,Democratic,Al Gore,116
Windham,Plainfield,President,,Democratic,Al Gore,400
Hartford,Plainville,President,,Democratic,Al Gore,636
Litchfield,Plymouth,President,,Democratic,Al Gore,177
Windham,Pomfret,President,,Democratic,Al Gore,97
Middlesex,Portland,President,,Democratic,Al Gore,262
New London,Preston,President,,Democratic,Al Gore,78
New Haven,Prospect,President,,Democratic,Al Gore,105
Windham,Putnam,President,,Democratic,Al Gore,189
Fairfield,Redding,President,,Democratic,Al Gore,194
Fairfield,Ridgefield,President,,Democratic,Al Gore,454
Hartford,Rocky Hill,President,,Democratic,Al Gore,679
Litchfield,Roxbury,President,,Democratic,Al Gore,78
New London,Salem,President,,Democratic,Al Gore,112
Litchfield,Salisbury,President,,Democratic,Al Gore,125
Windham,Scotland,President,,Democratic,Al Gore,51
New Haven,Seymour,President,,Democratic,Al Gore,211
Litchfield,Sharon,President,,Democratic,Al Gore,51
Fairfield,Shelton,President,,Democratic,Al Gore,595
Fairfield,Sherman,President,,Democratic,Al Gore,53
Hartford,Simsbury,President,,Democratic,Al Gore,559
Tolland,Somers,President,,Democratic,Al Gore,169
New Haven,Southbury,President,,Democratic,Al Gore,466
Hartford,Southington,President,,Democratic,Al Gore,1006
Hartford,South Windsor,President,,Democratic,Al Gore,892
New London,Sprague,President,,Democratic,Al Gore,104
Tolland,Stafford,President,,Democratic,Al Gore,359
Fairfield,Stamford,President,,Democratic,Al Gore,4807
Windham,Sterling,President,,Democratic,Al Gore,47
Fairfield,Stratford,President,,Democratic,Al Gore,1069
Hartford,Suffield,President,,Democratic,Al Gore,290
Litchfield,Thomaston,President,,Democratic,Al Gore,98
Windham,Thompson,President,,Democratic,Al Gore,152
Tolland,Tolland,President,,Democratic,Al Gore,249
Litchfield,Torrington,President,,Democratic,Al Gore,654
Fairfield,Trumbull,President,,Democratic,Al Gore,520
Tolland,Union,President,,Democratic,Al Gore,23
Tolland,Vernon,President,,Democratic,Al Gore,614
New London,Voluntown,President,,Democratic,Al Gore,57
New Haven,Wallingford,President,,Democratic,Al Gore,897
Litchfield,Warren,President,,Democratic,Al Gore,18
Litchfield,Washington,President,,Democratic,Al Gore,82
New Haven,Waterbury,President,,Democratic,Al Gore,2128
New London,Waterford,President,,Democratic,Al Gore,376
Litchfield,Watertown,President,,Democratic,Al Gore,304
Middlesex,Westbrook,President,,Democratic,Al Gore,133
Hartford,West Hartford,President,,Democratic,Al Gore,2968
New Haven,West Haven,President,,Democratic,Al Gore,3692
Fairfield,Weston,President,,Democratic,Al Gore,285
Fairfield,Westport,President,,Democratic,Al Gore,1030
Hartford,Wethersfield,President,,Democratic,Al Gore,1377
Tolland,Willington,President,,Democratic,Al Gore,125
Fairfield,Wilton,President,,Democratic,Al Gore,335
Litchfield,Winchester,President,,Democratic,Al Gore,215
Windham,Windham,President,,Democratic,Al Gore,621
Hartford,Windsor,President,,Democratic,Al Gore,1605
Hartford,Windsor Locks,President,,Democratic,Al Gore,371
New Haven,Wolcott,President,,Democratic,Al Gore,270
New Haven,Woodbridge,President,,Democratic,Al Gore,327
Litchfield,Woodbury,President,,Democratic,Al Gore,189
Windham,Woodstock,President,,Democratic,Al Gore,160
New London,North Stonington,President,,Democratic,Al Gore,86
